transition,model_code,annual_probability, return_interval ,bps_name
Competition or Maintenance,10160_15_28,0.0034882,287,Colorado Plateau Pinyon-Juniper Woodland
Competition or Maintenance,10160_16_23_24_25,0.0037272,268,Colorado Plateau Pinyon-Juniper Woodland
Competition or Maintenance,10160_17,0.003699,270,Colorado Plateau Pinyon-Juniper Woodland
Competition or Maintenance,10160_22,0.0066438,151,Colorado Plateau Pinyon-Juniper Woodland
Competition or Maintenance,10260_15,0.0014262,701,Madrean Upper Montane Conifer-Oak Forest and Woodland
Competition or Maintenance,10450_1_7_8_9,0.0078444,127,Northern Rocky Mountain Dry-Mesic Montane Mixed Conifer Forest
Competition or Maintenance,10451_20,0.0003808,2626,Northern Rocky Mountain Dry-Mesic Montane Mixed Conifer Forest - Ponderosa Pine-Douglas-fir
Competition or Maintenance,10452_10_19,0.0002938,3404,Northern Rocky Mountain Dry-Mesic Montane Mixed Conifer Forest - Larch
Competition or Maintenance,10460_10_19_20,0.00214,467,Northern Rocky Mountain Subalpine Woodland and Parkland
Competition or Maintenance,10460_18,0.0020374,491,Northern Rocky Mountain Subalpine Woodland and Parkland
Competition or Maintenance,10460_21,0.0018328,546,Northern Rocky Mountain Subalpine Woodland and Parkland
Competition or Maintenance,10470_8_9,0.0004524,2210,Northern Rocky Mountain Mesic Montane Mixed Conifer Forest
Competition or Maintenance,10500_16_23_28,0.0009676,1033,Rocky Mountain Lodgepole Pine Forest
Competition or Maintenance,10500_18,0.001005,995,Rocky Mountain Lodgepole Pine Forest
Competition or Maintenance,10500_22,0.0008352,1197,Rocky Mountain Lodgepole Pine Forest
Competition or Maintenance,10510_15_16_17_22_23_24_25,0.0019194,521,Southern Rocky Mountain Dry-Mesic Montane Mixed Conifer Forest and Woodland
Competition or Maintenance,10510_18_21,0.0019198,521,Southern Rocky Mountain Dry-Mesic Montane Mixed Conifer Forest and Woodland
Competition or Maintenance,10510_27,0.0024462,409,Southern Rocky Mountain Dry-Mesic Montane Mixed Conifer Forest and Woodland
Competition or Maintenance,10510_29,0.0019034,525,Southern Rocky Mountain Dry-Mesic Montane Mixed Conifer Forest and Woodland
Competition or Maintenance,10510_6,0.0019156,522,Southern Rocky Mountain Dry-Mesic Montane Mixed Conifer Forest and Woodland
Competition or Maintenance,10520_28,0.0046248,216,Southern Rocky Mountain Mesic Montane Mixed Conifer Forest and Woodland
Competition or Maintenance,10532_7_9,0.000089,11236,Northern Rocky Mountain Ponderosa Pine Woodland and Savanna - Xeric
Competition or Maintenance,10550_10_19,0.0008498,1177,Rocky Mountain Subalpine Dry-Mesic Spruce-Fir Forest and Woodland
Competition or Maintenance,10550_15_28,0.000448,2232,Rocky Mountain Subalpine Dry-Mesic Spruce-Fir Forest and Woodland
Competition or Maintenance,10550_16_23_24,0.0007446,1343,Rocky Mountain Subalpine Dry-Mesic Spruce-Fir Forest and Woodland
Competition or Maintenance,10550_17,0.0009182,1089,Rocky Mountain Subalpine Dry-Mesic Spruce-Fir Forest and Woodland
Competition or Maintenance,10550_18,0.0008514,1175,Rocky Mountain Subalpine Dry-Mesic Spruce-Fir Forest and Woodland
Competition or Maintenance,10550_20,0.0007646,1308,Rocky Mountain Subalpine Dry-Mesic Spruce-Fir Forest and Woodland
Competition or Maintenance,10550_21_22,0.0006908,1448,Rocky Mountain Subalpine Dry-Mesic Spruce-Fir Forest and Woodland
Competition or Maintenance,10550_27,0.0004438,2253,Rocky Mountain Subalpine Dry-Mesic Spruce-Fir Forest and Woodland
Competition or Maintenance,10550_29,0.0001024,9766,Rocky Mountain Subalpine Dry-Mesic Spruce-Fir Forest and Woodland
Competition or Maintenance,10560_10_19,0.0005292,1890,Rocky Mountain Subalpine Mesic-Wet Spruce-Fir Forest and Woodland
Competition or Maintenance,10560_15_28,0.000436,2294,Rocky Mountain Subalpine Mesic-Wet Spruce-Fir Forest and Woodland
Competition or Maintenance,10560_16_23,0.0007116,1405,Rocky Mountain Subalpine Mesic-Wet Spruce-Fir Forest and Woodland
Competition or Maintenance,10560_18,0.0008308,1204,Rocky Mountain Subalpine Mesic-Wet Spruce-Fir Forest and Woodland
Competition or Maintenance,10590_24_28,0.0066654,150,Southern Rocky Mountain Pinyon-Juniper Woodland
Competition or Maintenance,10610_6,0.0131214,76,Inter-Mountain Basins Aspen-Mixed Conifer Forest and Woodland
Competition or Maintenance,10860_25,0.0021618,463,Rocky Mountain Lower Montane-Foothill Shrubland
Competition or Maintenance,10860_27_31_33,0.0008688,1151,Rocky Mountain Lower Montane-Foothill Shrubland
Competition or Maintenance,10860_28,0.001768,566,Rocky Mountain Lower Montane-Foothill Shrubland
Competition or Maintenance,11020_28,0.0035186,284,Colorado Plateau Pinyon-Juniper Shrubland
Competition or Maintenance,11040_23_24,0.0118994,84,Mogollon Chaparral
Competition or Maintenance,11190_24_25,0.0009444,1059,Southern Rocky Mountain Juniper Woodland and Savanna
Competition or Maintenance,11190_27,0.0017182,582,Southern Rocky Mountain Juniper Woodland and Savanna
Competition or Maintenance,11190_28,0.0009756,1025,Southern Rocky Mountain Juniper Woodland and Savanna
Competition or Maintenance,11230_1_7_8_9,0.007966,126,Columbia Plateau Steppe and Grassland
Competition or Maintenance,11340_8_9,0.0280224,36,Columbia Basin Foothill and Canyon Dry Grassland
Competition or Maintenance,11390_8_9,0.2104072,5,Northern Rocky Mountain Lower Montane-Foothill-Valley Grassland
Competition or Maintenance,11460_15_16_23_24_25_28,0.0482026,21,Southern Rocky Mountain Montane-Subalpine Grassland
Competition or Maintenance,11610_21,0.003591,278,Northern Rocky Mountain Conifer Swamp
Competition or Maintenance,11670_10_19,0.0002548,3925,Rocky Mountain Poor-Site Lodgepole Pine Forest
Competition or Maintenance,11670_21,0.0025746,388,Rocky Mountain Poor-Site Lodgepole Pine Forest
Competition or Maintenance,11720_7,0.0025218,397,Sierran-Intermontane Desert Western White Pine-White Fir Woodland
Competition or Maintenance,13080_32_35,0.003292,304,Crosstimbers Oak Forest and Woodland
Competition or Maintenance,13080_38_43_44,0.0032984,303,Crosstimbers Oak Forest and Woodland
Competition or Maintenance,13460_54_55_58,0.0046736,214,Atlantic Coastal Plain Fall-line Sandhills Longleaf Pine Woodland
Competition or Maintenance,13470_55_58_60,0.0047488,211,Atlantic Coastal Plain Upland Longleaf Pine Woodland
Competition or Maintenance,13480_37_45_98,0.0078408,128,West Gulf Coastal Plain Upland Longleaf Pine Forest and Woodland
Competition or Maintenance,13530_47,0.0047582,210,Southern Appalachian Low-Elevation Pine Forest
Competition or Maintenance,13620_51_63_64_65_66,0.0025008,400,Laurentian-Acadian Northern Pine(-Oak) Forest
Competition or Maintenance,13670_32_44,0.0024052,416,Ozark-Ouachita Shortleaf Pine-Oak Forest and Woodland
Competition or Maintenance,13830_32_35_36,0.0101624,98,Edwards Plateau Limestone Savanna and Woodland
Competition or Maintenance,14740_46_47_48_55_56_58_60_99,0.0052564,190,Gulf and Atlantic Coastal Plain Small Stream Riparian Systems
Competition or Maintenance,14760_36,0.0017828,561,Tamaulipan Riparian Systems
Competition or Maintenance,14850_55_99,0.0057814,173,East Gulf Coastal Plain Savanna and Wet Prairie
Competition or Maintenance,15070_44,0.004714,212,Ozark-Ouachita Shortleaf Pine-Bluestem Woodland
Competition or Maintenance,18100_79,0.0006594,1517,Hawaii Montane Rainforest
Insect or Disease,10080_1_2_3_7,0.0004342,2303,North Pacific Oak Woodland
Insect or Disease,10110_15,0.0018518,540,Rocky Mountain Aspen Forest and Woodland
Insect or Disease,10110_16_23_24,0.00042,2381,Rocky Mountain Aspen Forest and Woodland
Insect or Disease,10110_20_29,0.002543,393,Rocky Mountain Aspen Forest and Woodland
Insect or Disease,10110_21,0.0026392,379,Rocky Mountain Aspen Forest and Woodland
Insect or Disease,10110_22,0.0019782,506,Rocky Mountain Aspen Forest and Woodland
Insect or Disease,10110_27,0.0018562,539,Rocky Mountain Aspen Forest and Woodland
Insect or Disease,10110_28,0.001853,540,Rocky Mountain Aspen Forest and Woodland
Insect or Disease,10110_6_10_12_17_18_19,0.0022824,438,Rocky Mountain Aspen Forest and Woodland
Insect or Disease,10110_7,0.0012596,794,Rocky Mountain Aspen Forest and Woodland
Insect or Disease,10110_9,0.0006778,1475,Rocky Mountain Aspen Forest and Woodland
Insect or Disease,10140_4_5,0.0046838,214,Central and Southern California Mixed Evergreen Woodland
Insect or Disease,10160_13_14,0.0028668,349,Colorado Plateau Pinyon-Juniper Woodland
Insect or Disease,10160_15_28,0.0058672,170,Colorado Plateau Pinyon-Juniper Woodland
Insect or Disease,10160_16_23_24_25,0.0035028,285,Colorado Plateau Pinyon-Juniper Woodland
Insect or Disease,10160_17,0.0035252,284,Colorado Plateau Pinyon-Juniper Woodland
Insect or Disease,10160_22,0.0009368,1067,Colorado Plateau Pinyon-Juniper Woodland
Insect or Disease,10180_1_7,0.0019366,516,East Cascades Mesic Montane Mixed-Conifer Forest and Woodland
Insect or Disease,10190_13_14,0.0028614,349,Great Basin Pinyon-Juniper Woodland
Insect or Disease,10190_15,0.002891,346,Great Basin Pinyon-Juniper Woodland
Insect or Disease,10190_4,0.002349,426,Great Basin Pinyon-Juniper Woodland
Insect or Disease,10190_6_7_9_12_16_17_18_19,0.00223,448,Great Basin Pinyon-Juniper Woodland
Insect or Disease,10260_15,0.0080588,124,Madrean Upper Montane Conifer-Oak Forest and Woodland
Insect or Disease,10270_4_5_6,0.0014776,677,Mediterranean California Dry-Mesic Mixed Conifer Forest and Woodland
Insect or Disease,10280_4_6_7_12,0.0028342,353,Mediterranean California Mesic Mixed Conifer Forest and Woodland
Insect or Disease,10290_2_3_4_5_6_7_12,0.0013752,727,Mediterranean California Mixed Oak Woodland
Insect or Disease,10310_2_3_4_5_6_12,0.001421,704,California Montane Jeffrey Pine(-Ponderosa Pine) Woodland
Insect or Disease,10310_7,0.041958,24,California Montane Jeffrey Pine(-Ponderosa Pine) Woodland
Insect or Disease,10320_2_3_7,0.003016,332,Mediterranean California Red Fir Forest
Insect or Disease,10321_6,0.0025482,392,Mediterranean California Red Fir Forest - Cascades
Insect or Disease,10322_6,0.0023678,422,Mediterranean California Red Fir Forest - Southern Sierra
Insect or Disease,10330_12,0.003762,266,Mediterranean California Subalpine Woodland
Insect or Disease,10350_1_2_7,0.002263,442,North Pacific Dry Douglas-fir(-Madrone) Forest and Woodland
Insect or Disease,10370_1_2_7,0.0005488,1822,North Pacific Maritime Dry-Mesic Douglas-fir-Western Hemlock Forest
Insect or Disease,10390_1_2_3_7,0.0003514,2846,North Pacific Maritime Mesic-Wet Douglas-fir-Western Hemlock Forest
Insect or Disease,10412_1_7,0.0033414,299,North Pacific Mountain Hemlock Forest - Xeric
Insect or Disease,10420_1_7,0.000831,1203,North Pacific Mesic Western Hemlock-Silver Fir Forest
Insect or Disease,10430_5,0.0046446,215,Mediterranean California Mixed Evergreen Forest
Insect or Disease,10431_2_3_6_7,0.003578,279,Mediterranean California Mixed Evergreen Forest - Interior
Insect or Disease,10440_3_6_7,0.004736,211,Northern California Mesic Subalpine Woodland
Insect or Disease,10450_1_7_8_9,0.0073362,136,Northern Rocky Mountain Dry-Mesic Montane Mixed Conifer Forest
Insect or Disease,10450_21,0.0101832,98,Northern Rocky Mountain Dry-Mesic Montane Mixed Conifer Forest
Insect or Disease,10451_10_19,0.0111856,89,Northern Rocky Mountain Dry-Mesic Montane Mixed Conifer Forest - Ponderosa Pine-Douglas-fir
Insect or Disease,10451_20,0.0020002,500,Northern Rocky Mountain Dry-Mesic Montane Mixed Conifer Forest - Ponderosa Pine-Douglas-fir
Insect or Disease,10452_10_19,0.0070298,142,Northern Rocky Mountain Dry-Mesic Montane Mixed Conifer Forest - Larch
Insect or Disease,10453_10_19,0.0089428,112,Northern Rocky Mountain Dry-Mesic Montane Mixed Conifer Forest - Grand Fir
Insect or Disease,10454_20,0.0108976,92,Northern Rocky Mountain Dry-Mesic Montane Mixed Conifer Forest - Lodgepole Pine
Insect or Disease,10460_1_7_9,0.0038084,263,Northern Rocky Mountain Subalpine Woodland and Parkland
Insect or Disease,10460_10_19_20,0.0040756,245,Northern Rocky Mountain Subalpine Woodland and Parkland
Insect or Disease,10460_21,0.0058828,170,Northern Rocky Mountain Subalpine Woodland and Parkland
Insect or Disease,10470_10_19,0.001835,545,Northern Rocky Mountain Mesic Montane Mixed Conifer Forest
Insect or Disease,10470_8_9,0.003726,268,Northern Rocky Mountain Mesic Montane Mixed Conifer Forest
Insect or Disease,10472_10_19,0.0067936,147,Northern Rocky Mountain Mesic Montane Mixed Conifer Forest - Cedar Groves
Insect or Disease,10480_29,0.0018376,544,Northwestern Great Plains Highland White Spruce Woodland
Insect or Disease,10490_16_22,0.0026992,370,Rocky Mountain Foothill Limber Pine-Juniper Woodland
Insect or Disease,10500_16_23_28,0.0104074,96,Rocky Mountain Lodgepole Pine Forest
Insect or Disease,10500_18,0.0106874,94,Rocky Mountain Lodgepole Pine Forest
Insect or Disease,10500_22,0.0088886,113,Rocky Mountain Lodgepole Pine Forest
Insect or Disease,10510_15_16_17_22_23_24_25,0.0077078,130,Southern Rocky Mountain Dry-Mesic Montane Mixed Conifer Forest and Woodland
Insect or Disease,10510_18_21,0.0078612,127,Southern Rocky Mountain Dry-Mesic Montane Mixed Conifer Forest and Woodland
Insect or Disease,10510_27,0.0088506,113,Southern Rocky Mountain Dry-Mesic Montane Mixed Conifer Forest and Woodland
Insect or Disease,10510_29,0.0079844,125,Southern Rocky Mountain Dry-Mesic Montane Mixed Conifer Forest and Woodland
Insect or Disease,10510_6,0.0077342,129,Southern Rocky Mountain Dry-Mesic Montane Mixed Conifer Forest and Woodland
Insect or Disease,10520_12,0.0125136,80,Southern Rocky Mountain Mesic Montane Mixed Conifer Forest and Woodland
Insect or Disease,10520_13,0.0125648,80,Southern Rocky Mountain Mesic Montane Mixed Conifer Forest and Woodland
Insect or Disease,10520_15,0.0122,82,Southern Rocky Mountain Mesic Montane Mixed Conifer Forest and Woodland
Insect or Disease,10520_16_23_24,0.012166,82,Southern Rocky Mountain Mesic Montane Mixed Conifer Forest and Woodland
Insect or Disease,10520_17,0.0123202,81,Southern Rocky Mountain Mesic Montane Mixed Conifer Forest and Woodland
Insect or Disease,10520_18,0.0123222,81,Southern Rocky Mountain Mesic Montane Mixed Conifer Forest and Woodland
Insect or Disease,10520_21,0.012258,82,Southern Rocky Mountain Mesic Montane Mixed Conifer Forest and Woodland
Insect or Disease,10520_25,0.012711,79,Southern Rocky Mountain Mesic Montane Mixed Conifer Forest and Woodland
Insect or Disease,10520_27,0.0124516,80,Southern Rocky Mountain Mesic Montane Mixed Conifer Forest and Woodland
Insect or Disease,10530_10_19,0.0104762,95,Northern Rocky Mountain Ponderosa Pine Woodland and Savanna
Insect or Disease,10531_1_7_8_9,0.0037776,265,Northern Rocky Mountain Ponderosa Pine Woodland and Savanna - Mesic
Insect or Disease,10532_7_9,0.0034234,292,Northern Rocky Mountain Ponderosa Pine Woodland and Savanna - Xeric
Insect or Disease,10540_13_14,0.0042204,237,Southern Rocky Mountain Ponderosa Pine Woodland
Insect or Disease,10540_15_25,0.0004576,2185,Southern Rocky Mountain Ponderosa Pine Woodland
Insect or Disease,10540_16_23_24,0.0029106,344,Southern Rocky Mountain Ponderosa Pine Woodland
Insect or Disease,10540_17,0.0042036,238,Southern Rocky Mountain Ponderosa Pine Woodland
Insect or Disease,10540_20,0.0139124,72,Southern Rocky Mountain Ponderosa Pine Woodland
Insect or Disease,10540_22,0.0089592,112,Southern Rocky Mountain Ponderosa Pine Woodland
Insect or Disease,10540_26,0.0019062,525,Southern Rocky Mountain Ponderosa Pine Woodland
Insect or Disease,10540_29,0.0340586,29,Southern Rocky Mountain Ponderosa Pine Woodland
Insect or Disease,10541_27,0.0514518,19,Southern Rocky Mountain Ponderosa Pine Woodland - South
Insect or Disease,10550_1_8_9,0.0068248,147,Rocky Mountain Subalpine Dry-Mesic Spruce-Fir Forest and Woodland
Insect or Disease,10550_10_19,0.002614,383,Rocky Mountain Subalpine Dry-Mesic Spruce-Fir Forest and Woodland
Insect or Disease,10550_15_28,0.0015914,628,Rocky Mountain Subalpine Dry-Mesic Spruce-Fir Forest and Woodland
Insect or Disease,10550_16_23_24,0.003447,290,Rocky Mountain Subalpine Dry-Mesic Spruce-Fir Forest and Woodland
Insect or Disease,10550_17,0.0053804,186,Rocky Mountain Subalpine Dry-Mesic Spruce-Fir Forest and Woodland
Insect or Disease,10550_18,0.0050458,198,Rocky Mountain Subalpine Dry-Mesic Spruce-Fir Forest and Woodland
Insect or Disease,10550_20,0.0074756,134,Rocky Mountain Subalpine Dry-Mesic Spruce-Fir Forest and Woodland
Insect or Disease,10550_21_22,0.0105708,95,Rocky Mountain Subalpine Dry-Mesic Spruce-Fir Forest and Woodland
Insect or Disease,10550_27,0.0015588,642,Rocky Mountain Subalpine Dry-Mesic Spruce-Fir Forest and Woodland
Insect or Disease,10550_29,0.0013254,754,Rocky Mountain Subalpine Dry-Mesic Spruce-Fir Forest and Woodland
Insect or Disease,10560_1_7_8_9,0.0037106,269,Rocky Mountain Subalpine Mesic-Wet Spruce-Fir Forest and Woodland
Insect or Disease,10560_10_19,0.0014876,672,Rocky Mountain Subalpine Mesic-Wet Spruce-Fir Forest and Woodland
Insect or Disease,10560_15_28,0.0015386,650,Rocky Mountain Subalpine Mesic-Wet Spruce-Fir Forest and Woodland
Insect or Disease,10560_16_23,0.0034642,289,Rocky Mountain Subalpine Mesic-Wet Spruce-Fir Forest and Woodland
Insect or Disease,10560_18,0.004938,203,Rocky Mountain Subalpine Mesic-Wet Spruce-Fir Forest and Woodland
Insect or Disease,10560_20,0.000484,2066,Rocky Mountain Subalpine Mesic-Wet Spruce-Fir Forest and Woodland
Insect or Disease,10560_21_22,0.0006556,1525,Rocky Mountain Subalpine Mesic-Wet Spruce-Fir Forest and Woodland
Insect or Disease,10560_29,0.0007228,1384,Rocky Mountain Subalpine Mesic-Wet Spruce-Fir Forest and Woodland
Insect or Disease,10580_12,0.0017486,572,Sierra Nevada Subalpine Lodgepole Pine Forest and Woodland
Insect or Disease,10580_4,0.001541,649,Sierra Nevada Subalpine Lodgepole Pine Forest and Woodland
Insect or Disease,10581_6,0.0017452,573,Sierra Nevada Subalpine Lodgepole Pine Forest and Woodland - Wet
Insect or Disease,10582_6,0.001167,857,Sierra Nevada Subalpine Lodgepole Pine Forest and Woodland - Dry
Insect or Disease,10590_24_28,0.0051772,193,Southern Rocky Mountain Pinyon-Juniper Woodland
Insect or Disease,10610_13,0.0025498,392,Inter-Mountain Basins Aspen-Mixed Conifer Forest and Woodland
Insect or Disease,10610_15_25,0.0003252,3075,Inter-Mountain Basins Aspen-Mixed Conifer Forest and Woodland
Insect or Disease,10610_18,0.001386,722,Inter-Mountain Basins Aspen-Mixed Conifer Forest and Woodland
Insect or Disease,10610_20_29,0.0026144,382,Inter-Mountain Basins Aspen-Mixed Conifer Forest and Woodland
Insect or Disease,10610_22_27_28,0.0051238,195,Inter-Mountain Basins Aspen-Mixed Conifer Forest and Woodland
Insect or Disease,10610_6,0.0023864,419,Inter-Mountain Basins Aspen-Mixed Conifer Forest and Woodland
Insect or Disease,10610_8_9_17,0.0018078,553,Inter-Mountain Basins Aspen-Mixed Conifer Forest and Woodland
Insect or Disease,10611_16_23_24,0.0003292,3038,Inter-Mountain Basins Aspen-Mixed Conifer Forest and Woodland - Low Elevation
Insect or Disease,10612_16_23,0.0023444,427,Inter-Mountain Basins Aspen-Mixed Conifer Forest and Woodland - High Elevation
Insect or Disease,10790_13,0.0040256,248,Great Basin Xeric Mixed Sagebrush Shrubland
Insect or Disease,10790_6_9_10_12_16_17_18,0.0041096,243,Great Basin Xeric Mixed Sagebrush Shrubland
Insect or Disease,10800_1_7_8_9,0.0189908,53,Inter-Mountain Basins Big Sagebrush Shrubland
Insect or Disease,10800_13_14,0.0003602,2776,Inter-Mountain Basins Big Sagebrush Shrubland
Insect or Disease,10802_21_22_28,0.0009776,1023,Inter-Mountain Basins Big Sagebrush Shrubland - Wyoming Big Sagebrush
Insect or Disease,10810_18_19_21,0.029138,34,Inter-Mountain Basins Mixed Salt Desert Scrub
Insect or Disease,11020_28,0.0058642,171,Colorado Plateau Pinyon-Juniper Shrubland
Insect or Disease,11070_13,0.0028188,355,Rocky Mountain Gambel Oak-Mixed Montane Shrubland
Insect or Disease,11070_17,0.0027752,360,Rocky Mountain Gambel Oak-Mixed Montane Shrubland
Insect or Disease,11071_16,0.0026534,377,Rocky Mountain Gambel Oak-Mixed Montane Shrubland  - Continuous
Insect or Disease,11072_16,0.002764,362,Rocky Mountain Gambel Oak-Mixed Montane Shrubland - Patchy
Insect or Disease,11120_4_5,0.0063028,159,California Central Valley Mixed Oak Savanna
Insect or Disease,11130_3,0.0001888,5297,California Coastal Live Oak Woodland and Savanna
Insect or Disease,11130_4,0.0001938,5160,California Coastal Live Oak Woodland and Savanna
Insect or Disease,11170_16_23_24,0.0008046,1243,Southern Rocky Mountain Ponderosa Pine Savanna
Insect or Disease,11170_20,0.0013498,741,Southern Rocky Mountain Ponderosa Pine Savanna
Insect or Disease,11170_29,0.0167586,60,Southern Rocky Mountain Ponderosa Pine Savanna
Insect or Disease,11170_33,0.0008242,1213,Southern Rocky Mountain Ponderosa Pine Savanna
Insect or Disease,11171_27,0.037544,27,Southern Rocky Mountain Ponderosa Pine Savanna - South
Insect or Disease,11172_27,0.0008256,1211,Southern Rocky Mountain Ponderosa Pine Savanna - North
Insect or Disease,11190_24_25,0.0040072,250,Southern Rocky Mountain Juniper Woodland and Savanna
Insect or Disease,11190_27,0.0036168,276,Southern Rocky Mountain Juniper Woodland and Savanna
Insect or Disease,11190_28,0.0040086,249,Southern Rocky Mountain Juniper Woodland and Savanna
Insect or Disease,11200_1_2_7,0.0000126,79365,Willamette Valley Upland Prairie and Savanna
Insect or Disease,11250_1_7_8_9_10_19,0.0110502,90,Inter-Mountain Basins Big Sagebrush Steppe
Insect or Disease,11250_20_29_30_31_33,0.000991,1009,Inter-Mountain Basins Big Sagebrush Steppe
Insect or Disease,11250_6_12_13_15_16_17_18_23_24_25_28,0.0175626,57,Inter-Mountain Basins Big Sagebrush Steppe
Insect or Disease,11260_1_7_8_9_10_19,0.0135076,74,Inter-Mountain Basins Montane Sagebrush Steppe
Insect or Disease,11260_13,0.0040866,245,Inter-Mountain Basins Montane Sagebrush Steppe
Insect or Disease,11260_20_29_33,0.005989,167,Inter-Mountain Basins Montane Sagebrush Steppe
Insect or Disease,11260_21,0.0062836,159,Inter-Mountain Basins Montane Sagebrush Steppe
Insect or Disease,11260_22,0.0008794,1137,Inter-Mountain Basins Montane Sagebrush Steppe
Insect or Disease,11260_6_12_17_18_28,0.003889,257,Inter-Mountain Basins Montane Sagebrush Steppe
Insect or Disease,11261_16_23_24,0.0040316,248,Inter-Mountain Basins Montane Sagebrush Steppe - Mountain Big Sagebrush
Insect or Disease,11270_15,0.0136456,73,Inter-Mountain Basins Semi-Desert Shrub-Steppe
Insect or Disease,11270_16_23_24_25,0.0129756,77,Inter-Mountain Basins Semi-Desert Shrub-Steppe
Insect or Disease,11270_28,0.0136056,73,Inter-Mountain Basins Semi-Desert Shrub-Steppe
Insect or Disease,11350_13_14,0.0088122,113,Inter-Mountain Basins Semi-Desert Grassland
Insect or Disease,11350_7_8_9_10_12_17_18,0.0106754,94,Inter-Mountain Basins Semi-Desert Grassland
Insect or Disease,11400_9,0.0009826,1018,Northern Rocky Mountain Subalpine-Upper Montane Grassland
Insect or Disease,11410_20,0.000788,1269,Northwestern Great Plains Mixedgrass Prairie
Insect or Disease,11410_29_30,0.0000796,12563,Northwestern Great Plains Mixedgrass Prairie
Insect or Disease,11600_18,0.0003998,2501,Rocky Mountain Subalpine/Upper Montane Riparian Systems
Insect or Disease,11610_21,0.001173,853,Northern Rocky Mountain Conifer Swamp
Insect or Disease,11650_9,0.0009682,1033,Northern Rocky Mountain Foothill Conifer Wooded Steppe
Insect or Disease,11660_21,0.0496696,20,Middle Rocky Mountain Montane Douglas-fir Forest and Woodland
Insect or Disease,11660_22,0.0562788,18,Middle Rocky Mountain Montane Douglas-fir Forest and Woodland
Insect or Disease,11660_29,0.0018282,547,Middle Rocky Mountain Montane Douglas-fir Forest and Woodland
Insect or Disease,11660_9_10_19,0.0021954,455,Middle Rocky Mountain Montane Douglas-fir Forest and Woodland
Insect or Disease,11662_19,0.0009568,1045,Middle Rocky Mountain Montane Douglas-fir Forest and Woodland - Fire-maintained Savanna
Insect or Disease,11670_1_7_9,0.0108898,92,Rocky Mountain Poor-Site Lodgepole Pine Forest
Insect or Disease,11670_10_19,0.0007448,1343,Rocky Mountain Poor-Site Lodgepole Pine Forest
Insect or Disease,11670_21,0.0022232,450,Rocky Mountain Poor-Site Lodgepole Pine Forest
Insect or Disease,11720_7,0.0011416,876,Sierran-Intermontane Desert Western White Pine-White Fir Woodland
Insect or Disease,11740_1_7,0.0011198,893,North Pacific Dry-Mesic Silver Fir-Western Hemlock-Douglas-fir Forest
Insect or Disease,11790_31,0.0005392,1855,Northwestern Great Plains-Black Hills Ponderosa Pine Woodland and Savanna
Insect or Disease,11791_29_30,0.034635,29,Northwestern Great Plains-Black Hills Ponderosa Pine Woodland and Savanna - Low Elevation Woodland
Insect or Disease,11792_29_30,0.0163584,61,Northwestern Great Plains-Black Hills Ponderosa Pine Woodland and Savanna - Savanna
Insect or Disease,13010_40,0.0115426,87,Boreal Aspen-Birch Forest
Insect or Disease,13060_47_48,0.0008748,1143,East Gulf Coastal Plain Northern Loess Plain Oak-Hickory Upland
Insect or Disease,13070_46_47_48,0.000866,1155,East Gulf Coastal Plain Northern Dry Upland Hardwood Forest
Insect or Disease,13090_53_57,0.0035894,279,Southern Appalachian Northern Hardwood Forest
Insect or Disease,13150_48_53_57_59_61,0.0013332,750,Southern Appalachian Oak Forest
Insect or Disease,13160_54_57_59_61,0.0028392,352,Southern Piedmont Mesic Forest
Insect or Disease,13160_60,0.0028052,356,Southern Piedmont Mesic Forest
Insect or Disease,13170_57_61,0.0027966,358,Allegheny-Cumberland Dry Oak Forest and Woodland
Insect or Disease,13180_48_53,0.001037,964,Southern and Central Appalachian Cove Forest
Insect or Disease,13180_57_59_61,0.0038112,262,Southern and Central Appalachian Cove Forest
Insect or Disease,13200_48_57_61,0.0020006,500,Central and Southern Appalachian Montane Oak Forest
Insect or Disease,13210_47_48_53_57,0.0023292,429,South-Central Interior Mesophytic Forest
Insect or Disease,13210_61_63,0.0024756,404,South-Central Interior Mesophytic Forest
Insect or Disease,13220_45,0.0028316,353,Southern Crowley`s Ridge Mesic Loess Slope Forest
Insect or Disease,13240_60_65_66,0.000084,11905,Northern Atlantic Coastal Plain Hardwood Forest
Insect or Disease,13260_47,0.0044974,222,South-Central Interior/Upper Coastal Plain Flatwoods
Insect or Disease,13280_46_99,0.0012752,784,East Gulf Coastal Plain Limestone Forest
Insect or Disease,13300_46_48_54_55_56_99,0.0012544,797,Southern Coastal Plain Dry Upland Hardwood Forest
Insect or Disease,13350_55_58_60,0.0012512,799,Atlantic Coastal Plain Dry and Dry-Mesic Oak Forest
Insect or Disease,13420_59,0.0014816,675,Piedmont Hardpan Woodland and Forest
Insect or Disease,13440_66,0.00152,658,Boreal Jack Pine-Black Spruce Forest
Insect or Disease,13460_54_55_58,0.000845,1183,Atlantic Coastal Plain Fall-line Sandhills Longleaf Pine Woodland
Insect or Disease,13470_55_58_60,0.0008552,1169,Atlantic Coastal Plain Upland Longleaf Pine Woodland
Insect or Disease,13490_46_48_54_55_99,0.0006336,1578,East Gulf Coastal Plain Interior Upland Longleaf Pine Woodland
Insect or Disease,13500_57,0.0117322,85,Central and Southern Appalachian Spruce-Fir Forest
Insect or Disease,13500_61,0.0039008,256,Central and Southern Appalachian Spruce-Fir Forest
Insect or Disease,13520_53_54_57_59_60_61,0.0108874,92,Southern Appalachian Montane Pine Forest and Woodland
Insect or Disease,13530_46_48_53_54_57_59_60_61,0.0028882,346,Southern Appalachian Low-Elevation Pine Forest
Insect or Disease,13530_47,0.0004932,2028,Southern Appalachian Low-Elevation Pine Forest
Insect or Disease,13651_40_41_50,0.020707,48,Boreal White Spruce-Fir-Hardwood Forest - Inland
Insect or Disease,13651_51,0.011187,89,Boreal White Spruce-Fir-Hardwood Forest - Inland
Insect or Disease,13652_41,0.0148872,67,Boreal White Spruce-Fir-Hardwood Forest - Coastal
Insect or Disease,13652_51,0.0132968,75,Boreal White Spruce-Fir-Hardwood Forest - Coastal
Insect or Disease,13653_41,0.0147298,68,Boreal White Spruce-Fir-Hardwood Forest - Aspen-Birch
Insect or Disease,13670_32_44,0.0020992,476,Ozark-Ouachita Shortleaf Pine-Oak Forest and Woodland
Insect or Disease,13680_46_48_54_57_59_60_61,0.001712,584,Southern Piedmont Dry Oak(-Pine) Forest
Insect or Disease,13710_32_36_37_45_98,0.0055488,180,West Gulf Coastal Plain Pine-Hardwood Forest
Insect or Disease,13710_44,0.0053708,186,West Gulf Coastal Plain Pine-Hardwood Forest
Insect or Disease,13720_46_99,0.0007698,1299,East Gulf Coastal Plain Interior Shortleaf Pine-Oak Forest
Insect or Disease,13730_63_64,0.000397,2519,Acadian Low-Elevation Spruce-Fir-Hardwood Forest
Insect or Disease,13730_65_66,0.0005088,1965,Acadian Low-Elevation Spruce-Fir-Hardwood Forest
Insect or Disease,13740_64_65_66,0.0006634,1507,Acadian-Appalachian Montane Spruce-Fir Forest
Insect or Disease,13760_48_53_57_61,0.0004254,2351,Southern Ridge and Valley/Cumberland Dry Calcareous Forest
Insect or Disease,13770_60_61_63_64_65_66,0.007502,133,Central Appalachian Pine-Oak Rocky Woodland
Insect or Disease,13810_45,0.0011682,856,Lower Mississippi River Dune Woodland and Forest
Insect or Disease,13850_20,0.0656662,15,Western Great Plains Wooded Draw and Ravine
Insect or Disease,13850_29_30,0.0683856,15,Western Great Plains Wooded Draw and Ravine
Insect or Disease,13870_55_56,0.0015254,656,Florida Peninsula Inland Scrub
Insect or Disease,13950_41_42_43_49_52,0.0002146,4660,North-Central Oak Barrens
Insect or Disease,13950_50,0.0002214,4517,North-Central Oak Barrens
Insect or Disease,13950_51,0.0002332,4288,North-Central Oak Barrens
Insect or Disease,14072_41_50_51,0.0010162,984,Laurentian Pine-Oak Barrens - Jack Pine
Insect or Disease,14130_47,0.0003652,2738,Bluegrass Savanna and Woodland
Insect or Disease,14490_58_60,0.0005358,1866,Central Atlantic Coastal Plain Wet Longleaf Pine Savanna and Flatwoods
Insect or Disease,14500_55_58,0.000654,1529,Southern Atlantic Coastal Plain Wet Pine Savanna and Flatwoods
Insect or Disease,14540_55_56_99,0.000658,1520,East Gulf Coastal Plain Near-Coast Pine Flatwoods
Insect or Disease,14550_46_99,0.0095638,105,East Gulf Coastal Plain Southern Loblolly-Hardwood Flatwoods
Insect or Disease,14570_47_48,0.0059782,167,South-Central Interior/Upper Coastal Plain Wet Flatwoods
Insect or Disease,14580_37_44_45_98,0.0035524,281,West Gulf Coastal Plain Pine-Hardwood Flatwoods
Insect or Disease,14710_47_48_53_54_57_59_60_61_63,0.0030758,325,Central Interior and Appalachian Floodplain Systems
Insect or Disease,14710_64_65,0.0029834,335,Central Interior and Appalachian Floodplain Systems
Insect or Disease,14730_32_37_44,0.0023386,428,Gulf and Atlantic Coastal Plain Floodplain Systems
Insect or Disease,14730_36,0.0023228,431,Gulf and Atlantic Coastal Plain Floodplain Systems
Insect or Disease,14730_45_46_47_98_99,0.0021508,465,Gulf and Atlantic Coastal Plain Floodplain Systems
Insect or Disease,14730_55_58_60,0.0021858,457,Gulf and Atlantic Coastal Plain Floodplain Systems
Insect or Disease,14770_40_41_50_51,0.0016394,610,Boreal Acidic Peatland Systems
Insect or Disease,14770_63_64_65_66,0.0018098,553,Boreal Acidic Peatland Systems
Insect or Disease,14800_36_37_44,0.0009064,1103,Gulf and Atlantic Coastal Plain Swamp Systems
Insect or Disease,14800_45_98,0.0009416,1062,Gulf and Atlantic Coastal Plain Swamp Systems
Insect or Disease,15070_44,0.0004988,2005,Ozark-Ouachita Shortleaf Pine-Bluestem Woodland
Insect or Disease,15090_45_47,0.0027516,363,Mississippi River Alluvial Plain Dry-Mesic Loess Slope Forest
Insect or Disease,15100_45,0.0006888,1452,Northern Crowley`s Ridge Sand Forest
Mixed Fire,10080_1_2_3_7,0.0268822,37,North Pacific Oak Woodland
Mixed Fire,10090_19,0.0024798,403,Northwestern Great Plains Aspen Forest and Parkland
Mixed Fire,10110_15,0.0005872,1703,Rocky Mountain Aspen Forest and Woodland
Mixed Fire,10110_16_23_24,0.0202226,49,Rocky Mountain Aspen Forest and Woodland
Mixed Fire,10110_20_29,0.0016754,597,Rocky Mountain Aspen Forest and Woodland
Mixed Fire,10110_27,0.0005938,1684,Rocky Mountain Aspen Forest and Woodland
Mixed Fire,10110_28,0.0005724,1747,Rocky Mountain Aspen Forest and Woodland
Mixed Fire,10110_6_10_12_17_18_19,0.0175974,57,Rocky Mountain Aspen Forest and Woodland
Mixed Fire,10110_7,0.010046,100,Rocky Mountain Aspen Forest and Woodland
Mixed Fire,10110_9,0.0196698,51,Rocky Mountain Aspen Forest and Woodland
Mixed Fire,10120_16_27,0.0124156,81,Rocky Mountain Bigtooth Maple Ravine Woodland
Mixed Fire,10120_17_18_21,0.0123394,81,Rocky Mountain Bigtooth Maple Ravine Woodland
Mixed Fire,10130_31_38_39_40,0.0229922,43,Western Great Plains Dry Bur Oak Forest and Woodland
Mixed Fire,10140_4_5,0.0293576,34,Central and Southern California Mixed Evergreen Woodland
Mixed Fire,10160_13_14,0.0029478,339,Colorado Plateau Pinyon-Juniper Woodland
Mixed Fire,10160_15_28,0.0052476,191,Colorado Plateau Pinyon-Juniper Woodland
Mixed Fire,10160_16_23_24_25,0.0050886,197,Colorado Plateau Pinyon-Juniper Woodland
Mixed Fire,10160_17,0.0050974,196,Colorado Plateau Pinyon-Juniper Woodland
Mixed Fire,10160_22,0.0047456,211,Colorado Plateau Pinyon-Juniper Woodland
Mixed Fire,10170_6_7_8_9_12_18,0.0036388,275,Columbia Plateau Western Juniper Woodland and Savanna
Mixed Fire,10180_1_7,0.0075984,132,East Cascades Mesic Montane Mixed-Conifer Forest and Woodland
Mixed Fire,10190_13_14,0.0030174,331,Great Basin Pinyon-Juniper Woodland
Mixed Fire,10190_15,0.0029642,337,Great Basin Pinyon-Juniper Woodland
Mixed Fire,10190_4,0.0021258,470,Great Basin Pinyon-Juniper Woodland
Mixed Fire,10190_6_7_9_12_16_17_18_19,0.0011008,908,Great Basin Pinyon-Juniper Woodland
Mixed Fire,10210_2_3_6_7,0.0144046,69,Klamath-Siskiyou Lower Montane Serpentine Mixed Conifer Woodland
Mixed Fire,10220_2_3_6_7,0.0143544,70,Klamath-Siskiyou Upper Montane Serpentine Mixed Conifer Woodland
Mixed Fire,10230_14_15_24_25,0.005273,190,Madrean Encinal
Mixed Fire,10240_14_15_24,0.0051404,195,Madrean Lower Montane Pine-Oak Forest and Woodland
Mixed Fire,10240_25_27,0.0328796,30,Madrean Lower Montane Pine-Oak Forest and Woodland
Mixed Fire,10240_26,0.042138,24,Madrean Lower Montane Pine-Oak Forest and Woodland
Mixed Fire,10250_14_15_24_25_26,0.004713,212,Madrean Pinyon-Juniper Woodland
Mixed Fire,10260_15,0.0160296,62,Madrean Upper Montane Conifer-Oak Forest and Woodland
Mixed Fire,10270_2_3_7,0.031277,32,Mediterranean California Dry-Mesic Mixed Conifer Forest and Woodland
Mixed Fire,10270_4_5_6,0.0278744,36,Mediterranean California Dry-Mesic Mixed Conifer Forest and Woodland
Mixed Fire,10280_2_3,0.0207464,48,Mediterranean California Mesic Mixed Conifer Forest and Woodland
Mixed Fire,10280_4_6_7_12,0.021787,46,Mediterranean California Mesic Mixed Conifer Forest and Woodland
Mixed Fire,10290_2_3_4_5_6_7_12,0.0298272,34,Mediterranean California Mixed Oak Woodland
Mixed Fire,10300_2_3_4_5_6_7,0.0267758,37,Mediterranean California Lower Montane Black Oak-Conifer Forest and Woodland
Mixed Fire,10310_2_3_4_5_6_12,0.0120558,83,California Montane Jeffrey Pine(-Ponderosa Pine) Woodland
Mixed Fire,10310_7,0.0084266,119,California Montane Jeffrey Pine(-Ponderosa Pine) Woodland
Mixed Fire,10320_2_3_7,0.0176694,57,Mediterranean California Red Fir Forest
Mixed Fire,10321_6,0.005609,178,Mediterranean California Red Fir Forest - Cascades
Mixed Fire,10322_6,0.0030612,327,Mediterranean California Red Fir Forest - Southern Sierra
Mixed Fire,10330_12,0.0128652,78,Mediterranean California Subalpine Woodland
Mixed Fire,10330_3_6_7,0.0017632,567,Mediterranean California Subalpine Woodland
Mixed Fire,10340_4_6_7,0.0092972,108,Mediterranean California Mesic Serpentine Woodland and Chaparral
Mixed Fire,10350_1_2_7,0.0140192,71,North Pacific Dry Douglas-fir(-Madrone) Forest and Woodland
Mixed Fire,10370_1_2_7,0.009388,107,North Pacific Maritime Dry-Mesic Douglas-fir-Western Hemlock Forest
Mixed Fire,10411_1_7,0.0001938,5160,North Pacific Mountain Hemlock Forest - Wet
Mixed Fire,10412_1_7,0.0016198,617,North Pacific Mountain Hemlock Forest - Xeric
Mixed Fire,10420_1_7,0.000579,1727,North Pacific Mesic Western Hemlock-Silver Fir Forest
Mixed Fire,10430_5,0.0155358,64,Mediterranean California Mixed Evergreen Forest
Mixed Fire,10431_2_3_6_7,0.021214,47,Mediterranean California Mixed Evergreen Forest - Interior
Mixed Fire,10432_2_3,0.0166816,60,Mediterranean California Mixed Evergreen Forest - Coastal
Mixed Fire,10440_3_6_7,0.001082,924,Northern California Mesic Subalpine Woodland
Mixed Fire,10450_1_7_8_9,0.0093764,107,Northern Rocky Mountain Dry-Mesic Montane Mixed Conifer Forest
Mixed Fire,10450_21,0.0092494,108,Northern Rocky Mountain Dry-Mesic Montane Mixed Conifer Forest
Mixed Fire,10451_10_19,0.019558,51,Northern Rocky Mountain Dry-Mesic Montane Mixed Conifer Forest - Ponderosa Pine-Douglas-fir
Mixed Fire,10451_20,0.0195046,51,Northern Rocky Mountain Dry-Mesic Montane Mixed Conifer Forest - Ponderosa Pine-Douglas-fir
Mixed Fire,10452_10_19,0.0147454,68,Northern Rocky Mountain Dry-Mesic Montane Mixed Conifer Forest - Larch
Mixed Fire,10453_10_19,0.00944,106,Northern Rocky Mountain Dry-Mesic Montane Mixed Conifer Forest - Grand Fir
Mixed Fire,10454_20,0.0035672,280,Northern Rocky Mountain Dry-Mesic Montane Mixed Conifer Forest - Lodgepole Pine
Mixed Fire,10460_1_7_9,0.0130716,77,Northern Rocky Mountain Subalpine Woodland and Parkland
Mixed Fire,10460_10_19_20,0.0029322,341,Northern Rocky Mountain Subalpine Woodland and Parkland
Mixed Fire,10460_18,0.0026148,382,Northern Rocky Mountain Subalpine Woodland and Parkland
Mixed Fire,10460_21,0.0031678,316,Northern Rocky Mountain Subalpine Woodland and Parkland
Mixed Fire,10470_10_19,0.0071648,140,Northern Rocky Mountain Mesic Montane Mixed Conifer Forest
Mixed Fire,10470_8_9,0.0065798,152,Northern Rocky Mountain Mesic Montane Mixed Conifer Forest
Mixed Fire,10472_10_19,0.0005252,1904,Northern Rocky Mountain Mesic Montane Mixed Conifer Forest - Cedar Groves
Mixed Fire,10480_29,0.008296,121,Northwestern Great Plains Highland White Spruce Woodland
Mixed Fire,10510_15_16_17_22_23_24_25,0.0129354,77,Southern Rocky Mountain Dry-Mesic Montane Mixed Conifer Forest and Woodland
Mixed Fire,10510_18_21,0.0129834,77,Southern Rocky Mountain Dry-Mesic Montane Mixed Conifer Forest and Woodland
Mixed Fire,10510_27,0.017526,57,Southern Rocky Mountain Dry-Mesic Montane Mixed Conifer Forest and Woodland
Mixed Fire,10510_28,0.0186616,54,Southern Rocky Mountain Dry-Mesic Montane Mixed Conifer Forest and Woodland
Mixed Fire,10510_29,0.013168,76,Southern Rocky Mountain Dry-Mesic Montane Mixed Conifer Forest and Woodland
Mixed Fire,10510_6,0.0129292,77,Southern Rocky Mountain Dry-Mesic Montane Mixed Conifer Forest and Woodland
Mixed Fire,10520_12,0.0110678,90,Southern Rocky Mountain Mesic Montane Mixed Conifer Forest and Woodland
Mixed Fire,10520_13,0.0051704,193,Southern Rocky Mountain Mesic Montane Mixed Conifer Forest and Woodland
Mixed Fire,10520_15,0.0109186,92,Southern Rocky Mountain Mesic Montane Mixed Conifer Forest and Woodland
Mixed Fire,10520_16_23_24,0.0111998,89,Southern Rocky Mountain Mesic Montane Mixed Conifer Forest and Woodland
Mixed Fire,10520_17,0.0109994,91,Southern Rocky Mountain Mesic Montane Mixed Conifer Forest and Woodland
Mixed Fire,10520_18,0.0109866,91,Southern Rocky Mountain Mesic Montane Mixed Conifer Forest and Woodland
Mixed Fire,10520_21,0.0108926,92,Southern Rocky Mountain Mesic Montane Mixed Conifer Forest and Woodland
Mixed Fire,10520_25,0.011155,90,Southern Rocky Mountain Mesic Montane Mixed Conifer Forest and Woodland
Mixed Fire,10520_27,0.0101718,98,Southern Rocky Mountain Mesic Montane Mixed Conifer Forest and Woodland
Mixed Fire,10520_28,0.006927,144,Southern Rocky Mountain Mesic Montane Mixed Conifer Forest and Woodland
Mixed Fire,10530_10_19,0.017983,56,Northern Rocky Mountain Ponderosa Pine Woodland and Savanna
Mixed Fire,10531_1_7_8_9,0.0132474,75,Northern Rocky Mountain Ponderosa Pine Woodland and Savanna - Mesic
Mixed Fire,10532_7_9,0.0100692,99,Northern Rocky Mountain Ponderosa Pine Woodland and Savanna - Xeric
Mixed Fire,10540_13_14,0.0260746,38,Southern Rocky Mountain Ponderosa Pine Woodland
Mixed Fire,10540_15_25,0.0093404,107,Southern Rocky Mountain Ponderosa Pine Woodland
Mixed Fire,10540_16_23_24,0.0044034,227,Southern Rocky Mountain Ponderosa Pine Woodland
Mixed Fire,10540_17,0.026278,38,Southern Rocky Mountain Ponderosa Pine Woodland
Mixed Fire,10540_20,0.012989,77,Southern Rocky Mountain Ponderosa Pine Woodland
Mixed Fire,10540_22,0.0202804,49,Southern Rocky Mountain Ponderosa Pine Woodland
Mixed Fire,10540_26,0.0092698,108,Southern Rocky Mountain Ponderosa Pine Woodland
Mixed Fire,10540_28,0.0063586,157,Southern Rocky Mountain Ponderosa Pine Woodland
Mixed Fire,10540_29,0.003783,264,Southern Rocky Mountain Ponderosa Pine Woodland
Mixed Fire,10540_33,0.0062968,159,Southern Rocky Mountain Ponderosa Pine Woodland
Mixed Fire,10542_27,0.0061542,162,Southern Rocky Mountain Ponderosa Pine Woodland - North
Mixed Fire,10550_1_8_9,0.004016,249,Rocky Mountain Subalpine Dry-Mesic Spruce-Fir Forest and Woodland
Mixed Fire,10550_10_19,0.0023984,417,Rocky Mountain Subalpine Dry-Mesic Spruce-Fir Forest and Woodland
Mixed Fire,10550_15_28,0.0022802,439,Rocky Mountain Subalpine Dry-Mesic Spruce-Fir Forest and Woodland
Mixed Fire,10550_16_23_24,0.0001428,7003,Rocky Mountain Subalpine Dry-Mesic Spruce-Fir Forest and Woodland
Mixed Fire,10550_17,0.0000646,15480,Rocky Mountain Subalpine Dry-Mesic Spruce-Fir Forest and Woodland
Mixed Fire,10550_18,0.0013922,718,Rocky Mountain Subalpine Dry-Mesic Spruce-Fir Forest and Woodland
Mixed Fire,10550_20,0.0026272,381,Rocky Mountain Subalpine Dry-Mesic Spruce-Fir Forest and Woodland
Mixed Fire,10550_27,0.0022512,444,Rocky Mountain Subalpine Dry-Mesic Spruce-Fir Forest and Woodland
Mixed Fire,10560_1_7_8_9,0.002381,420,Rocky Mountain Subalpine Mesic-Wet Spruce-Fir Forest and Woodland
Mixed Fire,10560_15_28,0.0022778,439,Rocky Mountain Subalpine Mesic-Wet Spruce-Fir Forest and Woodland
Mixed Fire,10560_16_23,0.0001414,7072,Rocky Mountain Subalpine Mesic-Wet Spruce-Fir Forest and Woodland
Mixed Fire,10560_18,0.0014434,693,Rocky Mountain Subalpine Mesic-Wet Spruce-Fir Forest and Woodland
Mixed Fire,10560_20,0.0003392,2948,Rocky Mountain Subalpine Mesic-Wet Spruce-Fir Forest and Woodland
Mixed Fire,10560_21_22,0.001123,890,Rocky Mountain Subalpine Mesic-Wet Spruce-Fir Forest and Woodland
Mixed Fire,10560_29,0.0009542,1048,Rocky Mountain Subalpine Mesic-Wet Spruce-Fir Forest and Woodland
Mixed Fire,10570_28,0.0048456,206,Rocky Mountain Subalpine-Montane Limber-Bristlecone Pine Woodland
Mixed Fire,10580_12,0.019554,51,Sierra Nevada Subalpine Lodgepole Pine Forest and Woodland
Mixed Fire,10580_4,0.0095568,105,Sierra Nevada Subalpine Lodgepole Pine Forest and Woodland
Mixed Fire,10581_6,0.019216,52,Sierra Nevada Subalpine Lodgepole Pine Forest and Woodland - Wet
Mixed Fire,10582_6,0.0179358,56,Sierra Nevada Subalpine Lodgepole Pine Forest and Woodland - Dry
Mixed Fire,10590_24_28,0.0051034,196,Southern Rocky Mountain Pinyon-Juniper Woodland
Mixed Fire,10590_25,0.003937,254,Southern Rocky Mountain Pinyon-Juniper Woodland
Mixed Fire,10590_26,0.0313392,32,Southern Rocky Mountain Pinyon-Juniper Woodland
Mixed Fire,10590_27_33,0.0024256,412,Southern Rocky Mountain Pinyon-Juniper Woodland
Mixed Fire,10600_1_2_7,0.0015518,644,East Cascades Oak-Ponderosa Pine Forest and Woodland
Mixed Fire,10610_13,0.017914,56,Inter-Mountain Basins Aspen-Mixed Conifer Forest and Woodland
Mixed Fire,10610_15_25,0.049203,20,Inter-Mountain Basins Aspen-Mixed Conifer Forest and Woodland
Mixed Fire,10610_18,0.022105,45,Inter-Mountain Basins Aspen-Mixed Conifer Forest and Woodland
Mixed Fire,10610_20_29,0.0098846,101,Inter-Mountain Basins Aspen-Mixed Conifer Forest and Woodland
Mixed Fire,10610_22_27_28,0.013889,72,Inter-Mountain Basins Aspen-Mixed Conifer Forest and Woodland
Mixed Fire,10610_6,0.0045088,222,Inter-Mountain Basins Aspen-Mixed Conifer Forest and Woodland
Mixed Fire,10610_8_9_17,0.0223512,45,Inter-Mountain Basins Aspen-Mixed Conifer Forest and Woodland
Mixed Fire,10611_16_23_24,0.0747394,13,Inter-Mountain Basins Aspen-Mixed Conifer Forest and Woodland - Low Elevation
Mixed Fire,10612_16_23,0.0165632,60,Inter-Mountain Basins Aspen-Mixed Conifer Forest and Woodland - High Elevation
Mixed Fire,10620_10_19_21_29_31,0.0068322,146,Inter-Mountain Basins Curl-leaf Mountain Mahogany Woodland and Shrubland
Mixed Fire,10620_13,0.0067472,148,Inter-Mountain Basins Curl-leaf Mountain Mahogany Woodland and Shrubland
Mixed Fire,10620_16_23,0.0071998,139,Inter-Mountain Basins Curl-leaf Mountain Mahogany Woodland and Shrubland
Mixed Fire,10620_22_28,0.0127562,78,Inter-Mountain Basins Curl-leaf Mountain Mahogany Woodland and Shrubland
Mixed Fire,10620_6_12_17_18,0.0066564,150,Inter-Mountain Basins Curl-leaf Mountain Mahogany Woodland and Shrubland
Mixed Fire,10620_7_9,0.0047366,211,Inter-Mountain Basins Curl-leaf Mountain Mahogany Woodland and Shrubland
Mixed Fire,10630_1,0.0011146,897,North Pacific Broadleaf Landslide Forest and Shrubland
Mixed Fire,10630_2_7,0.0019992,500,North Pacific Broadleaf Landslide Forest and Shrubland
Mixed Fire,10640_15_16_17_23_24_27_28,0.008496,118,Colorado Plateau Mixed Low Sagebrush Shrubland
Mixed Fire,10750_25,0.0012232,818,Chihuahuan Mixed Salt Desert Scrub
Mixed Fire,10780_16_23_24_25,0.0062484,160,Colorado Plateau Blackbrush-Mormon-tea Shrubland
Mixed Fire,10790_13,0.0013796,725,Great Basin Xeric Mixed Sagebrush Shrubland
Mixed Fire,10790_6_9_10_12_16_17_18,0.0012132,824,Great Basin Xeric Mixed Sagebrush Shrubland
Mixed Fire,10860_13_16_17_18_21_23,0.036162,28,Rocky Mountain Lower Montane-Foothill Shrubland
Mixed Fire,10860_25,0.0049606,202,Rocky Mountain Lower Montane-Foothill Shrubland
Mixed Fire,10860_28,0.0048296,207,Rocky Mountain Lower Montane-Foothill Shrubland
Mixed Fire,10980_3,0.0181082,55,California Montane Woodland and Chaparral
Mixed Fire,10980_4,0.0082252,122,California Montane Woodland and Chaparral
Mixed Fire,10980_6,0.0184764,54,California Montane Woodland and Chaparral
Mixed Fire,10980_7,0.0050822,197,California Montane Woodland and Chaparral
Mixed Fire,11000_15,0.0012926,774,Chihuahuan Mixed Desert and Thorn Scrub
Mixed Fire,11020_13_15_16_23_24,0.004567,219,Colorado Plateau Pinyon-Juniper Shrubland
Mixed Fire,11020_28,0.005247,191,Colorado Plateau Pinyon-Juniper Shrubland
Mixed Fire,11040_23_24,0.0026806,373,Mogollon Chaparral
Mixed Fire,11060_10_19,0.0023072,433,Northern Rocky Mountain Montane-Foothill Deciduous Shrubland
Mixed Fire,11060_18,0.0128296,78,Northern Rocky Mountain Montane-Foothill Deciduous Shrubland
Mixed Fire,11060_22,0.002601,384,Northern Rocky Mountain Montane-Foothill Deciduous Shrubland
Mixed Fire,11070_13,0.0194514,51,Rocky Mountain Gambel Oak-Mixed Montane Shrubland
Mixed Fire,11070_15,0.0058584,171,Rocky Mountain Gambel Oak-Mixed Montane Shrubland
Mixed Fire,11070_17,0.0193114,52,Rocky Mountain Gambel Oak-Mixed Montane Shrubland
Mixed Fire,11070_23_24,0.0066132,151,Rocky Mountain Gambel Oak-Mixed Montane Shrubland
Mixed Fire,11070_25_28,0.0059182,169,Rocky Mountain Gambel Oak-Mixed Montane Shrubland
Mixed Fire,11071_16,0.00618,162,Rocky Mountain Gambel Oak-Mixed Montane Shrubland  - Continuous
Mixed Fire,11072_16,0.0191664,52,Rocky Mountain Gambel Oak-Mixed Montane Shrubland - Patchy
Mixed Fire,11110_32_35,0.0259112,39,Western Great Plains Mesquite Woodland and Shrubland
Mixed Fire,11120_4_5,0.0104584,96,California Central Valley Mixed Oak Savanna
Mixed Fire,11130_3,0.0318454,31,California Coastal Live Oak Woodland and Savanna
Mixed Fire,11130_4,0.0321454,31,California Coastal Live Oak Woodland and Savanna
Mixed Fire,11140_3_6_7,0.0017126,584,California Lower Montane Blue Oak-Foothill Pine Woodland and Savanna
Mixed Fire,11140_4_5,0.006519,153,California Lower Montane Blue Oak-Foothill Pine Woodland and Savanna
Mixed Fire,11150_10_19,0.002314,432,Inter-Mountain Basins Juniper Savanna
Mixed Fire,11150_13,0.0023604,424,Inter-Mountain Basins Juniper Savanna
Mixed Fire,11150_14,0.0023376,428,Inter-Mountain Basins Juniper Savanna
Mixed Fire,11150_15_16_23_24,0.0044852,223,Inter-Mountain Basins Juniper Savanna
Mixed Fire,11150_17,0.0023278,430,Inter-Mountain Basins Juniper Savanna
Mixed Fire,11150_21_22,0.0046848,213,Inter-Mountain Basins Juniper Savanna
Mixed Fire,11150_28,0.0023176,431,Inter-Mountain Basins Juniper Savanna
Mixed Fire,11160_15_25,0.0047488,211,Madrean Juniper Savanna
Mixed Fire,11160_24,0.0046776,214,Madrean Juniper Savanna
Mixed Fire,11160_26,0.0377538,26,Madrean Juniper Savanna
Mixed Fire,11170_16_23_24,0.0124778,80,Southern Rocky Mountain Ponderosa Pine Savanna
Mixed Fire,11170_20,0.0133246,75,Southern Rocky Mountain Ponderosa Pine Savanna
Mixed Fire,11180_4,0.0226502,44,Southern California Oak Woodland and Savanna
Mixed Fire,11190_24_25,0.004637,216,Southern Rocky Mountain Juniper Woodland and Savanna
Mixed Fire,11190_26,0.0306152,33,Southern Rocky Mountain Juniper Woodland and Savanna
Mixed Fire,11190_27,0.0044492,225,Southern Rocky Mountain Juniper Woodland and Savanna
Mixed Fire,11190_28,0.0045828,218,Southern Rocky Mountain Juniper Woodland and Savanna
Mixed Fire,11190_34,0.0029958,334,Southern Rocky Mountain Juniper Woodland and Savanna
Mixed Fire,11200_1_2_7,0.0197044,51,Willamette Valley Upland Prairie and Savanna
Mixed Fire,11210_25,0.0124522,80,Apacherian-Chihuahuan Semi-Desert Grassland and Steppe
Mixed Fire,11210_26,0.0266662,38,Apacherian-Chihuahuan Semi-Desert Grassland and Steppe
Mixed Fire,11320_32_34_35,0.0230126,43,Central Mixedgrass Prairie
Mixed Fire,11340_8_9,0.0624246,16,Columbia Basin Foothill and Canyon Dry Grassland
Mixed Fire,11350_15_28,0.0270324,37,Inter-Mountain Basins Semi-Desert Grassland
Mixed Fire,11350_25,0.000977,1024,Inter-Mountain Basins Semi-Desert Grassland
Mixed Fire,11370_3_6,0.0061764,162,Mediterranean California Subalpine Meadow
Mixed Fire,11390_8_9,0.0054252,184,Northern Rocky Mountain Lower Montane-Foothill-Valley Grassland
Mixed Fire,11400_9,0.0006932,1443,Northern Rocky Mountain Subalpine-Upper Montane Grassland
Mixed Fire,11450_13,0.0062668,160,Rocky Mountain Subalpine-Montane Mesic Meadow
Mixed Fire,11450_16,0.0062162,161,Rocky Mountain Subalpine-Montane Mesic Meadow
Mixed Fire,11450_22_24_28,0.0061454,163,Rocky Mountain Subalpine-Montane Mesic Meadow
Mixed Fire,11450_9_10_19,0.0061518,163,Rocky Mountain Subalpine-Montane Mesic Meadow
Mixed Fire,11470_28,0.0126228,79,Western Great Plains Foothill and Piedmont Grassland
Mixed Fire,11480_31_38,0.0834792,12,Western Great Plains Sand Prairie
Mixed Fire,11480_32,0.0048936,204,Western Great Plains Sand Prairie
Mixed Fire,11490_28,0.016765,60,Western Great Plains Shortgrass Prairie
Mixed Fire,11520_2_3_7,0.0126326,79,California Montane Riparian Systems
Mixed Fire,11520_4_5,0.0133578,75,California Montane Riparian Systems
Mixed Fire,11520_6,0.0105248,95,California Montane Riparian Systems
Mixed Fire,11550_13_14,0.0425516,24,North American Warm Desert Riparian Systems
Mixed Fire,11550_15,0.011958,84,North American Warm Desert Riparian Systems
Mixed Fire,11550_4,0.0434146,23,North American Warm Desert Riparian Systems
Mixed Fire,11581_1_2_7,0.0006174,1620,North Pacific Montane Riparian Woodland and Shrubland - Wet
Mixed Fire,11582_1_2_7,0.0042682,234,North Pacific Montane Riparian Woodland and Shrubland - Dry
Mixed Fire,11590_10_19,0.009913,101,Rocky Mountain Montane Riparian Systems
Mixed Fire,11590_20,0.008772,114,Rocky Mountain Montane Riparian Systems
Mixed Fire,11590_29,0.008598,116,Rocky Mountain Montane Riparian Systems
Mixed Fire,11590_8_9,0.0099162,101,Rocky Mountain Montane Riparian Systems
Mixed Fire,11600_10_19,0.007415,135,Rocky Mountain Subalpine/Upper Montane Riparian Systems
Mixed Fire,11600_20_29,0.0033192,301,Rocky Mountain Subalpine/Upper Montane Riparian Systems
Mixed Fire,11600_21,0.0003652,2738,Rocky Mountain Subalpine/Upper Montane Riparian Systems
Mixed Fire,11600_8_9,0.0075112,133,Rocky Mountain Subalpine/Upper Montane Riparian Systems
Mixed Fire,11620_20,0.0041374,242,Western Great Plains Floodplain Systems
Mixed Fire,11620_22,0.0078638,127,Western Great Plains Floodplain Systems
Mixed Fire,11620_27_33,0.0374986,27,Western Great Plains Floodplain Systems
Mixed Fire,11620_29_30,0.0067498,148,Western Great Plains Floodplain Systems
Mixed Fire,11620_31_39_40,0.010506,95,Western Great Plains Floodplain Systems
Mixed Fire,11620_38,0.0106576,94,Western Great Plains Floodplain Systems
Mixed Fire,11630_3_4_5,0.0288726,35,Pacific Coastal Marsh Systems
Mixed Fire,11650_1_7_8,0.0024696,405,Northern Rocky Mountain Foothill Conifer Wooded Steppe
Mixed Fire,11650_9,0.0065492,153,Northern Rocky Mountain Foothill Conifer Wooded Steppe
Mixed Fire,11660_21,0.021825,46,Middle Rocky Mountain Montane Douglas-fir Forest and Woodland
Mixed Fire,11660_22,0.0187882,53,Middle Rocky Mountain Montane Douglas-fir Forest and Woodland
Mixed Fire,11660_29,0.0091722,109,Middle Rocky Mountain Montane Douglas-fir Forest and Woodland
Mixed Fire,11660_9_10_19,0.018279,55,Middle Rocky Mountain Montane Douglas-fir Forest and Woodland
Mixed Fire,11662_19,0.0066676,150,Middle Rocky Mountain Montane Douglas-fir Forest and Woodland - Fire-maintained Savanna
Mixed Fire,11670_1_7_9,0.0089638,112,Rocky Mountain Poor-Site Lodgepole Pine Forest
Mixed Fire,11670_10_19,0.00042,2381,Rocky Mountain Poor-Site Lodgepole Pine Forest
Mixed Fire,11670_21,0.001822,549,Rocky Mountain Poor-Site Lodgepole Pine Forest
Mixed Fire,11720_7,0.0155348,64,Sierran-Intermontane Desert Western White Pine-White Fir Woodland
Mixed Fire,11740_1_7,0.003268,306,North Pacific Dry-Mesic Silver Fir-Western Hemlock-Douglas-fir Forest
Mixed Fire,11770_3,0.011798,85,California Coastal Closed-Cone Conifer Forest and Woodland
Mixed Fire,11770_4,0.0028954,345,California Coastal Closed-Cone Conifer Forest and Woodland
Mixed Fire,11790_31,0.0097486,103,Northwestern Great Plains-Black Hills Ponderosa Pine Woodland and Savanna
Mixed Fire,11791_29_30,0.0038394,260,Northwestern Great Plains-Black Hills Ponderosa Pine Woodland and Savanna - Low Elevation Woodland
Mixed Fire,13030_60,0.0586204,17,Northeastern Interior Dry-Mesic Oak Forest
Mixed Fire,13030_61_63_64_65_66,0.0422056,24,Northeastern Interior Dry-Mesic Oak Forest
Mixed Fire,13030_62,0.0191192,52,Northeastern Interior Dry-Mesic Oak Forest
Mixed Fire,13040_32_43_44_49,0.0148922,67,Ozark-Ouachita Dry-Mesic Oak Forest
Mixed Fire,13050_47_48,0.0049422,202,Southern Interior Low Plateau Dry-Mesic Oak Forest
Mixed Fire,13050_49,0.0086452,116,Southern Interior Low Plateau Dry-Mesic Oak Forest
Mixed Fire,13050_53,0.0010052,995,Southern Interior Low Plateau Dry-Mesic Oak Forest
Mixed Fire,13060_47_48,0.0113812,88,East Gulf Coastal Plain Northern Loess Plain Oak-Hickory Upland
Mixed Fire,13070_46_47_48,0.0111154,90,East Gulf Coastal Plain Northern Dry Upland Hardwood Forest
Mixed Fire,13080_32_35,0.0106962,93,Crosstimbers Oak Forest and Woodland
Mixed Fire,13080_38_43_44,0.0107106,93,Crosstimbers Oak Forest and Woodland
Mixed Fire,13090_53_57,0.0015286,654,Southern Appalachian Northern Hardwood Forest
Mixed Fire,13100_38_42_43,0.019908,50,North-Central Interior Dry-Mesic Oak Forest and Woodland
Mixed Fire,13100_39,0.0232862,43,North-Central Interior Dry-Mesic Oak Forest and Woodland
Mixed Fire,13100_41_62,0.017709,56,North-Central Interior Dry-Mesic Oak Forest and Woodland
Mixed Fire,13100_44_50,0.0202956,49,North-Central Interior Dry-Mesic Oak Forest and Woodland
Mixed Fire,13100_47,0.0061856,162,North-Central Interior Dry-Mesic Oak Forest and Woodland
Mixed Fire,13100_49,0.021461,47,North-Central Interior Dry-Mesic Oak Forest and Woodland
Mixed Fire,13100_51,0.0062232,161,North-Central Interior Dry-Mesic Oak Forest and Woodland
Mixed Fire,13100_52,0.0210334,48,North-Central Interior Dry-Mesic Oak Forest and Woodland
Mixed Fire,13110_39,0.0117838,85,North-Central Interior Dry Oak Forest and Woodland
Mixed Fire,13110_42_43,0.0089278,112,North-Central Interior Dry Oak Forest and Woodland
Mixed Fire,13110_44,0.0101604,98,North-Central Interior Dry Oak Forest and Woodland
Mixed Fire,13110_49,0.0066474,150,North-Central Interior Dry Oak Forest and Woodland
Mixed Fire,13110_50,0.010059,99,North-Central Interior Dry Oak Forest and Woodland
Mixed Fire,13110_51,0.0089836,111,North-Central Interior Dry Oak Forest and Woodland
Mixed Fire,13110_52,0.0066176,151,North-Central Interior Dry Oak Forest and Woodland
Mixed Fire,13120_44,0.011534,87,Ouachita Montane Oak Forest
Mixed Fire,13150_48_53_57_59_61,0.007214,139,Southern Appalachian Oak Forest
Mixed Fire,13160_54_57_59_61,0.002784,359,Southern Piedmont Mesic Forest
Mixed Fire,13160_60,0.0027856,359,Southern Piedmont Mesic Forest
Mixed Fire,13170_48_53,0.0008264,1210,Allegheny-Cumberland Dry Oak Forest and Woodland
Mixed Fire,13170_57_61,0.0171002,58,Allegheny-Cumberland Dry Oak Forest and Woodland
Mixed Fire,13170_62,0.0085718,117,Allegheny-Cumberland Dry Oak Forest and Woodland
Mixed Fire,13180_48_53,0.0013802,725,Southern and Central Appalachian Cove Forest
Mixed Fire,13180_57_59_61,0.0019828,504,Southern and Central Appalachian Cove Forest
Mixed Fire,13200_48_57_61,0.010776,93,Central and Southern Appalachian Montane Oak Forest
Mixed Fire,13210_47_48_53_57,0.0019268,519,South-Central Interior Mesophytic Forest
Mixed Fire,13210_49,0.0012122,825,South-Central Interior Mesophytic Forest
Mixed Fire,13210_61_63,0.0017656,566,South-Central Interior Mesophytic Forest
Mixed Fire,13210_62,0.0012652,790,South-Central Interior Mesophytic Forest
Mixed Fire,13220_45,0.0095696,104,Southern Crowley`s Ridge Mesic Loess Slope Forest
Mixed Fire,13230_32_36_37_44_45_98,0.0111388,90,West Gulf Coastal Plain Mesic Hardwood Forest
Mixed Fire,13240_60_65_66,0.0227888,44,Northern Atlantic Coastal Plain Hardwood Forest
Mixed Fire,13250_46_47_48,0.0062578,160,East Gulf Coastal Plain Northern Mesic Hardwood Slope Forest
Mixed Fire,13260_47,0.0053714,186,South-Central Interior/Upper Coastal Plain Flatwoods
Mixed Fire,13260_49,0.0300748,33,South-Central Interior/Upper Coastal Plain Flatwoods
Mixed Fire,13270_45_46_47,0.002818,355,East Gulf Coastal Plain Northern Loess Bluff Forest
Mixed Fire,13280_46_99,0.0102658,97,East Gulf Coastal Plain Limestone Forest
Mixed Fire,13290_45_46_99,0.0052728,190,East Gulf Coastal Plain Southern Loess Bluff Forest
Mixed Fire,13300_46_48_54_55_56_99,0.0101848,98,Southern Coastal Plain Dry Upland Hardwood Forest
Mixed Fire,13330_56,0.0025982,385,South Florida Hardwood Hammock
Mixed Fire,13340_32_43_44,0.0092776,108,Ozark-Ouachita Mesic Hardwood Forest
Mixed Fire,13350_55_58_60,0.0101932,98,Atlantic Coastal Plain Dry and Dry-Mesic Oak Forest
Mixed Fire,13360_56,0.0021876,457,Southwest Florida Coastal Strand and Maritime Hammock
Mixed Fire,13370_56,0.00421,238,Southeast Florida Coastal Strand and Maritime Hammock
Mixed Fire,13380_36,0.010203,98,Central and South Texas Coastal Fringe Forest and Woodland
Mixed Fire,13400_61,0.0009484,1054,Appalachian Shale Barrens
Mixed Fire,13420_59,0.0029906,334,Piedmont Hardpan Woodland and Forest
Mixed Fire,13430_54_55,0.0062594,160,Atlantic Coastal Plain Mesic Hardwood Forest
Mixed Fire,13430_58_60,0.0025876,386,Atlantic Coastal Plain Mesic Hardwood Forest
Mixed Fire,13441_51,0.0158722,63,Boreal Jack Pine-Black Spruce Forest - Pine Barrens
Mixed Fire,13460_54_55_58,0.002699,371,Atlantic Coastal Plain Fall-line Sandhills Longleaf Pine Woodland
Mixed Fire,13470_55_58_60,0.002689,372,Atlantic Coastal Plain Upland Longleaf Pine Woodland
Mixed Fire,13480_37_45_98,0.0012948,772,West Gulf Coastal Plain Upland Longleaf Pine Forest and Woodland
Mixed Fire,13490_46_48_54_55_99,0.001341,746,East Gulf Coastal Plain Interior Upland Longleaf Pine Woodland
Mixed Fire,13500_57,0.0008666,1154,Central and Southern Appalachian Spruce-Fir Forest
Mixed Fire,13500_61,0.0000772,12953,Central and Southern Appalachian Spruce-Fir Forest
Mixed Fire,13510_48_54_59,0.0033688,297,Southeastern Interior Longleaf Pine Woodland
Mixed Fire,13520_53_54_57_59_60_61,0.01004,100,Southern Appalachian Montane Pine Forest and Woodland
Mixed Fire,13530_46_48_53_54_57_59_60_61,0.0151722,66,Southern Appalachian Low-Elevation Pine Forest
Mixed Fire,13530_47,0.0008268,1209,Southern Appalachian Low-Elevation Pine Forest
Mixed Fire,13540_64_66,0.0318966,31,Northeastern Interior Pine Barrens
Mixed Fire,13550_60_65,0.0322864,31,Northern Atlantic Coastal Plain Pitch Pine Barrens
Mixed Fire,13560_55_56_99,0.0000724,13812,Florida Longleaf Pine Sandhill
Mixed Fire,13570_46_47_55_58_99,0.0062596,160,Southern Coastal Plain Mesic Slope Forest
Mixed Fire,13580_35_36,0.0109396,91,East-Central Texas Plains Southern Pine Forest and Woodland
Mixed Fire,13600_56,0.0054864,182,South Florida Pine Rockland
Mixed Fire,13610_58_60,0.008418,119,Central Atlantic Coastal Plain Maritime Forest
Mixed Fire,13620_41_50,0.0014942,669,Laurentian-Acadian Northern Pine(-Oak) Forest
Mixed Fire,13620_51_63_64_65_66,0.0022214,450,Laurentian-Acadian Northern Pine(-Oak) Forest
Mixed Fire,13630_47_53,0.0620088,16,Central Interior Highlands Dry Acidic Glade and Barrens
Mixed Fire,13640_32_44_49,0.0112588,89,Ozark-Ouachita Dry Oak Woodland
Mixed Fire,13651_40_41_50,0.0006828,1465,Boreal White Spruce-Fir-Hardwood Forest - Inland
Mixed Fire,13651_51,0.0019318,518,Boreal White Spruce-Fir-Hardwood Forest - Inland
Mixed Fire,13652_41,0.0008962,1116,Boreal White Spruce-Fir-Hardwood Forest - Coastal
Mixed Fire,13652_51,0.00079,1266,Boreal White Spruce-Fir-Hardwood Forest - Coastal
Mixed Fire,13653_41,0.0041366,242,Boreal White Spruce-Fir-Hardwood Forest - Aspen-Birch
Mixed Fire,13660_50,0.0010034,997,Laurentian-Acadian Pine-Hemlock-Hardwood Forest
Mixed Fire,13660_51_63_64_65_66,0.0009764,1024,Laurentian-Acadian Pine-Hemlock-Hardwood Forest
Mixed Fire,13670_32_44,0.0108832,92,Ozark-Ouachita Shortleaf Pine-Oak Forest and Woodland
Mixed Fire,13680_46_48_54_57_59_60_61,0.0043172,232,Southern Piedmont Dry Oak(-Pine) Forest
Mixed Fire,13690_60_61_63_64_65_66,0.0021676,461,Central Appalachian Dry Oak-Pine Forest
Mixed Fire,13700_53_61_62,0.0008802,1136,Appalachian (Hemlock-)Northern Hardwood Forest
Mixed Fire,13700_60_63_64_65_66,0.0008946,1118,Appalachian (Hemlock-)Northern Hardwood Forest
Mixed Fire,13710_32_36_37_45_98,0.015632,64,West Gulf Coastal Plain Pine-Hardwood Forest
Mixed Fire,13710_44,0.0194648,51,West Gulf Coastal Plain Pine-Hardwood Forest
Mixed Fire,13720_46_99,0.0113968,88,East Gulf Coastal Plain Interior Shortleaf Pine-Oak Forest
Mixed Fire,13750_60,0.0178112,56,Eastern Serpentine Woodland
Mixed Fire,13760_48_53_57_61,0.0090156,111,Southern Ridge and Valley/Cumberland Dry Calcareous Forest
Mixed Fire,13770_60_61_63_64_65_66,0.0026694,375,Central Appalachian Pine-Oak Rocky Woodland
Mixed Fire,13780_37_44,0.0025744,388,West Gulf Coastal Plain Sandhill Oak and Shortleaf Pine Forest and Woodland
Mixed Fire,13790_60_65,0.0063332,158,Northern Atlantic Coastal Plain Maritime Forest
Mixed Fire,13800_55_99,0.0006156,1624,East Gulf Coastal Plain Maritime Forest
Mixed Fire,13810_45,0.0022384,447,Lower Mississippi River Dune Woodland and Forest
Mixed Fire,13820_55_58,0.0011414,876,Southern Atlantic Coastal Plain Maritime Forest
Mixed Fire,13830_32_35_36,0.0419638,24,Edwards Plateau Limestone Savanna and Woodland
Mixed Fire,13850_20,0.0200848,50,Western Great Plains Wooded Draw and Ravine
Mixed Fire,13850_29_30,0.0262786,38,Western Great Plains Wooded Draw and Ravine
Mixed Fire,13850_31_39_40_42,0.015465,65,Western Great Plains Wooded Draw and Ravine
Mixed Fire,13870_55_56,0.000816,1225,Florida Peninsula Inland Scrub
Mixed Fire,13890_64_66,0.00056,1786,Acadian-Appalachian Subalpine Woodland and Heath-Krummholz
Mixed Fire,13930_32_35,0.0228948,44,Edwards Plateau Limestone Shrubland
Mixed Fire,13940_39_40_41,0.0060802,164,North-Central Interior Oak Savanna
Mixed Fire,13940_42,0.0059282,169,North-Central Interior Oak Savanna
Mixed Fire,13940_44_49,0.0053112,188,North-Central Interior Oak Savanna
Mixed Fire,13940_50_51,0.0053578,187,North-Central Interior Oak Savanna
Mixed Fire,13940_52,0.005333,188,North-Central Interior Oak Savanna
Mixed Fire,13950_41_42_43_49_52,0.004018,249,North-Central Oak Barrens
Mixed Fire,13950_50,0.0070272,142,North-Central Oak Barrens
Mixed Fire,13950_51,0.0056096,178,North-Central Oak Barrens
Mixed Fire,13970_48,0.0779498,13,Nashville Basin Limestone Glade and Woodland
Mixed Fire,14000_60_61,0.0545302,18,Central Appalachian Alkaline Glade and Woodland
Mixed Fire,14000_63,0.0533784,19,Central Appalachian Alkaline Glade and Woodland
Mixed Fire,14000_64,0.054076,18,Central Appalachian Alkaline Glade and Woodland
Mixed Fire,14010_43_44_47_48_53,0.0639178,16,Central Interior Highlands Calcareous Glade and Barrens
Mixed Fire,14010_49,0.0636312,16,Central Interior Highlands Calcareous Glade and Barrens
Mixed Fire,14071_41_50_51,0.0133642,75,Laurentian Pine-Oak Barrens
Mixed Fire,14072_41_50_51,0.0216634,46,Laurentian Pine-Oak Barrens - Jack Pine
Mixed Fire,14080_48,0.0633088,16,Alabama Ketona Glade and Woodland
Mixed Fire,14090_50_64,0.0003168,3157,Great Lakes Alvar
Mixed Fire,14100_35,0.0387204,26,Llano Uplift Acidic Forest-Woodland-Glade
Mixed Fire,14130_47,0.0075842,132,Bluegrass Savanna and Woodland
Mixed Fire,14140_57,0.0029334,341,Southern Appalachian Grass and Shrub Bald
Mixed Fire,14151_44,0.0029854,335,Arkansas Valley Prairie and Woodland - Prairie
Mixed Fire,14152_44,0.0699944,14,Arkansas Valley Prairie and Woodland - Woodland
Mixed Fire,14160_48,0.0379828,26,Western Highland Rim Prairie and Barrens
Mixed Fire,14170_48,0.0294698,34,Eastern Highland Rim Prairie and Barrens
Mixed Fire,14180_47,0.0133858,75,Pennyroyal Karst Plain Prairie and Barrens
Mixed Fire,14220_32_35_36_37,0.0058204,172,Southern Blackland Tallgrass Prairie
Mixed Fire,14230_32_35,0.0127324,79,Southeastern Great Plains Tallgrass Prairie
Mixed Fire,14230_38,0.012647,79,Southeastern Great Plains Tallgrass Prairie
Mixed Fire,14230_43_44,0.0124622,80,Southeastern Great Plains Tallgrass Prairie
Mixed Fire,14250_56,0.0272586,37,Florida Dry Prairie
Mixed Fire,14260_58,0.0713892,14,Southern Atlantic Coastal Plain Dune and Maritime Grassland
Mixed Fire,14270_47,0.0284794,35,East Gulf Coastal Plain Jackson Plain Prairie and Barrens
Mixed Fire,14280_37_44,0.1513776,7,West Gulf Coastal Plain Northern Calcareous Prairie
Mixed Fire,14300_46,0.3390584,3,Southern Coastal Plain Blackland Prairie and Woodland
Mixed Fire,14320_45,0.3179232,3,Lower Mississippi Alluvial Plain Grand Prairie
Mixed Fire,14340_37_98,0.010109,99,Texas-Louisiana Coastal Prairie
Mixed Fire,14360_60,0.0728452,14,Northern Atlantic Coastal Plain Dune and Swale
Mixed Fire,14360_65_66,0.0599838,17,Northern Atlantic Coastal Plain Dune and Swale
Mixed Fire,14380_36,0.0097678,102,Tamaulipan Savanna Grassland
Mixed Fire,14400_36,0.0038752,258,Tamaulipan Clay Grassland
Mixed Fire,14440_41_50_51,0.00173,578,Eastern Boreal Floodplain
Mixed Fire,14450_56,0.0135928,74,South Florida Dwarf Cypress Savanna
Mixed Fire,14460_56,0.0009142,1094,South Florida Pine Flatwoods
Mixed Fire,14490_58_60,0.0037818,264,Central Atlantic Coastal Plain Wet Longleaf Pine Savanna and Flatwoods
Mixed Fire,14500_55_58,0.0020436,489,Southern Atlantic Coastal Plain Wet Pine Savanna and Flatwoods
Mixed Fire,14510_37_98,0.0056072,178,West Gulf Coastal Plain Wet Longleaf Pine Savanna and Flatwoods
Mixed Fire,14520_58_60,0.0651056,15,Atlantic Coastal Plain Peatland Pocosin and Canebrake
Mixed Fire,14530_55_56,0.0001164,8591,Central Florida Pine Flatwoods
Mixed Fire,14540_55_56_99,0.0020126,497,East Gulf Coastal Plain Near-Coast Pine Flatwoods
Mixed Fire,14570_47_48,0.00829,121,South-Central Interior/Upper Coastal Plain Wet Flatwoods
Mixed Fire,14570_49,0.0084874,118,South-Central Interior/Upper Coastal Plain Wet Flatwoods
Mixed Fire,14580_37_44_45_98,0.0095528,105,West Gulf Coastal Plain Pine-Hardwood Flatwoods
Mixed Fire,14590_58,0.0031548,317,Atlantic Coastal Plain Clay-Based Carolina Bay Wetland
Mixed Fire,14610_46_55_56_99,0.0028294,353,Southern Coastal Plain Seepage Swamp and Baygall
Mixed Fire,14660_49,0.0018704,535,Great Lakes Wooded Dune and Swale
Mixed Fire,14660_50_51,0.001884,531,Great Lakes Wooded Dune and Swale
Mixed Fire,14680_46_55_58_99,0.0428252,23,Atlantic Coastal Plain Streamhead Seepage Swamp-Pocosin-Baygall
Mixed Fire,14680_60,0.0360842,28,Atlantic Coastal Plain Streamhead Seepage Swamp-Pocosin-Baygall
Mixed Fire,14690_31_39_40_43,0.012798,78,Eastern Great Plains Floodplain Systems
Mixed Fire,14690_38_42_49,0.0129842,77,Eastern Great Plains Floodplain Systems
Mixed Fire,14700_56,0.0027736,361,Caribbean Coastal Wetland Systems
Mixed Fire,14710_41_50,0.00238,420,Central Interior and Appalachian Floodplain Systems
Mixed Fire,14710_47_48_53_54_57_59_60_61_63,0.0025526,392,Central Interior and Appalachian Floodplain Systems
Mixed Fire,14710_49_52,0.0023186,431,Central Interior and Appalachian Floodplain Systems
Mixed Fire,14710_51_62,0.0023212,431,Central Interior and Appalachian Floodplain Systems
Mixed Fire,14710_64_65,0.0025354,394,Central Interior and Appalachian Floodplain Systems
Mixed Fire,14730_32_37_44,0.0039248,255,Gulf and Atlantic Coastal Plain Floodplain Systems
Mixed Fire,14730_36,0.0038604,259,Gulf and Atlantic Coastal Plain Floodplain Systems
Mixed Fire,14740_32_37_44_45_98,0.007714,130,Gulf and Atlantic Coastal Plain Small Stream Riparian Systems
Mixed Fire,14740_36,0.0058462,171,Gulf and Atlantic Coastal Plain Small Stream Riparian Systems
Mixed Fire,14740_46_47_48_55_56_58_60_99,0.0049002,204,Gulf and Atlantic Coastal Plain Small Stream Riparian Systems
Mixed Fire,14750_41_50_51_63_64_65_66,0.00232,431,Laurentian-Acadian Floodplain Systems
Mixed Fire,14850_55_99,0.001957,511,East Gulf Coastal Plain Savanna and Wet Prairie
Mixed Fire,14890_55_56_99,0.014605,68,Floridian Highlands Freshwater Marsh
Mixed Fire,14900_55_56_58_99,0.0035964,278,Gulf and Atlantic Coastal Plain Tidal Marsh Systems
Mixed Fire,14900_60,0.0034414,291,Gulf and Atlantic Coastal Plain Tidal Marsh Systems
Mixed Fire,15010_58_60,0.0022806,438,Central Atlantic Coastal Plain Nonriverine Swamp and Wet Hardwood Forest
Mixed Fire,15060_37_44,0.0077394,129,West Gulf Coastal Plain Nonriverine Wet Hardwood Flatwoods
Mixed Fire,15070_44,0.0008288,1207,Ozark-Ouachita Shortleaf Pine-Bluestem Woodland
Mixed Fire,15090_45_47,0.0093324,107,Mississippi River Alluvial Plain Dry-Mesic Loess Slope Forest
Mixed Fire,15100_45,0.0020696,483,Northern Crowley`s Ridge Sand Forest
Mixed Fire,15130_45,0.0061816,162,Lower Mississippi River Flatwoods
Mixed Fire,15170_42_49_50,0.0079184,126,Paleozoic Plateau Bluff and Talus
Mixed Fire,15190_32_35_36_37,0.0186314,54,East-Central Texas Plains Post Oak Savanna and Woodland
Mixed Fire,15230_32_35,0.0074306,135,Edwards Plateau Dry-Mesic Slope Forest and Woodland
Mixed Fire,18080_79,0.0009184,1089,Hawaii Lowland Rainforest
Mixed Fire,18100_79,0.0000642,15576,Hawaii Montane Rainforest
Mixed Fire,18130_79,0.0358746,28,Hawaii Lowland Dry Forest
Mixed Fire,18140_79,0.0019516,512,Hawaii Lowland Mesic Forest
Mixed Fire,18151_79,0.002146,466,Hawaii Montane-Subalpine Dry Forest and Woodland - Lava
Mixed Fire,18160_79,0.0019978,501,Hawaii Montane-Subalpine Mesic Forest
Mixed Fire,18180_79,0.0194546,51,Hawaii Lowland Mesic Shrubland
Mixed Fire,18250_79,0.0019286,519,Hawaii Dry Cliff
Mixed Fire,18280_79,0.0196836,51,Hawaii Subalpine Mesic Shrubland
Native Grazing,10110_15,0.0131856,76,Rocky Mountain Aspen Forest and Woodland
Native Grazing,10110_20_29,0.0119344,84,Rocky Mountain Aspen Forest and Woodland
Native Grazing,10110_21,0.006085,164,Rocky Mountain Aspen Forest and Woodland
Native Grazing,10110_22,0.0001502,6658,Rocky Mountain Aspen Forest and Woodland
Native Grazing,10110_27,0.0133026,75,Rocky Mountain Aspen Forest and Woodland
Native Grazing,10110_28,0.012988,77,Rocky Mountain Aspen Forest and Woodland
Native Grazing,10130_31_38_39_40,0.0035118,285,Western Great Plains Dry Bur Oak Forest and Woodland
Native Grazing,10290_2_3_4_5_6_7_12,0.0094882,105,Mediterranean California Mixed Oak Woodland
Native Grazing,10600_1_2_7,0.0031916,313,East Cascades Oak-Ponderosa Pine Forest and Woodland
Native Grazing,10610_6,0.0250478,40,Inter-Mountain Basins Aspen-Mixed Conifer Forest and Woodland
Native Grazing,10620_10_19_21_29_31,0.002914,343,Inter-Mountain Basins Curl-leaf Mountain Mahogany Woodland and Shrubland
Native Grazing,10620_13,0.0028832,347,Inter-Mountain Basins Curl-leaf Mountain Mahogany Woodland and Shrubland
Native Grazing,10620_16_23,0.0033248,301,Inter-Mountain Basins Curl-leaf Mountain Mahogany Woodland and Shrubland
Native Grazing,10620_22_28,0.0018188,550,Inter-Mountain Basins Curl-leaf Mountain Mahogany Woodland and Shrubland
Native Grazing,10620_6_12_17_18,0.0028866,346,Inter-Mountain Basins Curl-leaf Mountain Mahogany Woodland and Shrubland
Native Grazing,10620_7_9,0.002308,433,Inter-Mountain Basins Curl-leaf Mountain Mahogany Woodland and Shrubland
Native Grazing,10640_15_16_17_23_24_27_28,0.0501852,20,Colorado Plateau Mixed Low Sagebrush Shrubland
Native Grazing,10802_21_22_28,0.0009794,1021,Inter-Mountain Basins Big Sagebrush Shrubland - Wyoming Big Sagebrush
Native Grazing,10850_20,0.038568,26,Northwestern Great Plains Shrubland
Native Grazing,10850_29_30,0.0498074,20,Northwestern Great Plains Shrubland
Native Grazing,10860_27_31_33,0.0008886,1125,Rocky Mountain Lower Montane-Foothill Shrubland
Native Grazing,10860_29,0.0002276,4394,Rocky Mountain Lower Montane-Foothill Shrubland
Native Grazing,10862_22,0.0002408,4153,Rocky Mountain Lower Montane-Foothill Shrubland - True Mountain Mahogany
Native Grazing,10940_25,0.018331,55,Western Great Plains Sandhill Steppe
Native Grazing,10940_27_33,0.7339112,1,Western Great Plains Sandhill Steppe
Native Grazing,10940_31_38,0.7300606,1,Western Great Plains Sandhill Steppe
Native Grazing,11140_3_6_7,0.0036122,277,California Lower Montane Blue Oak-Foothill Pine Woodland and Savanna
Native Grazing,11140_4_5,0.0029186,343,California Lower Montane Blue Oak-Foothill Pine Woodland and Savanna
Native Grazing,11170_33,0.1592838,6,Southern Rocky Mountain Ponderosa Pine Savanna
Native Grazing,11171_27,0.0831234,12,Southern Rocky Mountain Ponderosa Pine Savanna - South
Native Grazing,11172_27,0.1554758,6,Southern Rocky Mountain Ponderosa Pine Savanna - North
Native Grazing,11200_1_2_7,0.0107264,93,Willamette Valley Upland Prairie and Savanna
Native Grazing,11230_10_18,0.0161758,62,Columbia Plateau Steppe and Grassland
Native Grazing,11240_1_7_8_9,0.0146128,68,Columbia Plateau Low Sagebrush Steppe
Native Grazing,11250_1_7_8_9_10_19,0.0161146,62,Inter-Mountain Basins Big Sagebrush Steppe
Native Grazing,11250_20_29_30_31_33,0.1005586,10,Inter-Mountain Basins Big Sagebrush Steppe
Native Grazing,11260_20_29_33,0.0020144,496,Inter-Mountain Basins Montane Sagebrush Steppe
Native Grazing,11260_21,0.0020274,493,Inter-Mountain Basins Montane Sagebrush Steppe
Native Grazing,11260_22,0.0009984,1002,Inter-Mountain Basins Montane Sagebrush Steppe
Native Grazing,11280_2_3_4,0.0012264,815,Northern California Coastal Scrub
Native Grazing,11310_2_3_4,0.0640184,16,California Northern Coastal Grassland
Native Grazing,11320_31_38,0.3111476,3,Central Mixedgrass Prairie
Native Grazing,11320_32_34_35,0.0755374,13,Central Mixedgrass Prairie
Native Grazing,11320_33,0.6450226,2,Central Mixedgrass Prairie
Native Grazing,11350_15_28,0.0002096,4771,Inter-Mountain Basins Semi-Desert Grassland
Native Grazing,11350_16_23_24,0.0002182,4583,Inter-Mountain Basins Semi-Desert Grassland
Native Grazing,11350_22,0.0002038,4907,Inter-Mountain Basins Semi-Desert Grassland
Native Grazing,11350_25,0.0001828,5470,Inter-Mountain Basins Semi-Desert Grassland
Native Grazing,11390_20,0.1995492,5,Northern Rocky Mountain Lower Montane-Foothill-Valley Grassland
Native Grazing,11390_22,0.101711,10,Northern Rocky Mountain Lower Montane-Foothill-Valley Grassland
Native Grazing,11390_29,0.2011382,5,Northern Rocky Mountain Lower Montane-Foothill-Valley Grassland
Native Grazing,11410_20,0.1671812,6,Northwestern Great Plains Mixedgrass Prairie
Native Grazing,11410_29_30,0.1729468,6,Northwestern Great Plains Mixedgrass Prairie
Native Grazing,11410_31,0.2880118,3,Northwestern Great Plains Mixedgrass Prairie
Native Grazing,11410_39,0.2883784,3,Northwestern Great Plains Mixedgrass Prairie
Native Grazing,11410_40,0.2951052,3,Northwestern Great Plains Mixedgrass Prairie
Native Grazing,11470_27_33,0.6219436,2,Western Great Plains Foothill and Piedmont Grassland
Native Grazing,11480_20_29_30,0.1438714,7,Western Great Plains Sand Prairie
Native Grazing,11480_31_38,0.1173352,9,Western Great Plains Sand Prairie
Native Grazing,11480_32,0.194837,5,Western Great Plains Sand Prairie
Native Grazing,11480_34_35,0.252621,4,Western Great Plains Sand Prairie
Native Grazing,11490_25,0.0407012,25,Western Great Plains Shortgrass Prairie
Native Grazing,11490_26,0.185229,5,Western Great Plains Shortgrass Prairie
Native Grazing,11490_27_38,0.5193462,2,Western Great Plains Shortgrass Prairie
Native Grazing,11490_29,0.5645148,2,Western Great Plains Shortgrass Prairie
Native Grazing,11490_31_33,0.554626,2,Western Great Plains Shortgrass Prairie
Native Grazing,11490_34_35,0.287491,3,Western Great Plains Shortgrass Prairie
Native Grazing,11500_31_39_40,0.371051,3,Western Great Plains Tallgrass Prairie
Native Grazing,11500_38,0.4742466,2,Western Great Plains Tallgrass Prairie
Native Grazing,11600_20_29,0.000536,1866,Rocky Mountain Subalpine/Upper Montane Riparian Systems
Native Grazing,11600_21,0.0000472,21186,Rocky Mountain Subalpine/Upper Montane Riparian Systems
Native Grazing,11620_27_33,0.0397508,25,Western Great Plains Floodplain Systems
Native Grazing,11620_34,0.0440344,23,Western Great Plains Floodplain Systems
Native Grazing,11780_1_2_7,0.0001028,9728,North Pacific Hypermaritime Western Red-cedar-Western Hemlock Forest
Native Grazing,13050_47_48,0.0673148,15,Southern Interior Low Plateau Dry-Mesic Oak Forest
Native Grazing,13050_53,0.0797244,13,Southern Interior Low Plateau Dry-Mesic Oak Forest
Native Grazing,13100_38_42_43,0.0014228,703,North-Central Interior Dry-Mesic Oak Forest and Woodland
Native Grazing,13100_39,0.0015678,638,North-Central Interior Dry-Mesic Oak Forest and Woodland
Native Grazing,13100_41_62,0.0021416,467,North-Central Interior Dry-Mesic Oak Forest and Woodland
Native Grazing,13100_44_50,0.0014376,696,North-Central Interior Dry-Mesic Oak Forest and Woodland
Native Grazing,13100_47,0.003583,279,North-Central Interior Dry-Mesic Oak Forest and Woodland
Native Grazing,13100_49,0.001616,619,North-Central Interior Dry-Mesic Oak Forest and Woodland
Native Grazing,13100_51,0.0036416,275,North-Central Interior Dry-Mesic Oak Forest and Woodland
Native Grazing,13100_52,0.001642,609,North-Central Interior Dry-Mesic Oak Forest and Woodland
Native Grazing,13110_39,0.0084148,119,North-Central Interior Dry Oak Forest and Woodland
Native Grazing,13110_42_43,0.0061852,162,North-Central Interior Dry Oak Forest and Woodland
Native Grazing,13110_44,0.0065194,153,North-Central Interior Dry Oak Forest and Woodland
Native Grazing,13110_49,0.004795,209,North-Central Interior Dry Oak Forest and Woodland
Native Grazing,13110_50,0.0064382,155,North-Central Interior Dry Oak Forest and Woodland
Native Grazing,13110_51,0.0061832,162,North-Central Interior Dry Oak Forest and Woodland
Native Grazing,13110_52,0.0048074,208,North-Central Interior Dry Oak Forest and Woodland
Native Grazing,13120_44,0.0816056,12,Ouachita Montane Oak Forest
Native Grazing,13310_39_40_41,0.0308634,32,Eastern Great Plains Tallgrass Aspen Parkland
Native Grazing,13390_36_37_98,0.0068032,147,West Gulf Coastal Plain Chenier and Upper Texas Coastal Fringe Forest and Woodland
Native Grazing,13420_59,0.0042622,235,Piedmont Hardpan Woodland and Forest
Native Grazing,13630_47_53,0.0748418,13,Central Interior Highlands Dry Acidic Glade and Barrens
Native Grazing,13640_32_44_49,0.080619,12,Ozark-Ouachita Dry Oak Woodland
Native Grazing,13680_46_48_54_57_59_60_61,0.0038542,259,Southern Piedmont Dry Oak(-Pine) Forest
Native Grazing,13830_32_35_36,0.085427,12,Edwards Plateau Limestone Savanna and Woodland
Native Grazing,13850_20,0.0504294,20,Western Great Plains Wooded Draw and Ravine
Native Grazing,13850_29_30,0.0413044,24,Western Great Plains Wooded Draw and Ravine
Native Grazing,13850_31_39_40_42,0.1577748,6,Western Great Plains Wooded Draw and Ravine
Native Grazing,13940_39_40_41,0.000983,1017,North-Central Interior Oak Savanna
Native Grazing,13940_42,0.000969,1032,North-Central Interior Oak Savanna
Native Grazing,13940_44_49,0.0009966,1003,North-Central Interior Oak Savanna
Native Grazing,13940_50_51,0.001063,941,North-Central Interior Oak Savanna
Native Grazing,13940_52,0.0009884,1012,North-Central Interior Oak Savanna
Native Grazing,13950_41_42_43_49_52,0.0009956,1004,North-Central Oak Barrens
Native Grazing,13950_50,0.0010886,919,North-Central Oak Barrens
Native Grazing,13950_51,0.0011038,906,North-Central Oak Barrens
Native Grazing,13970_48,0.1096756,9,Nashville Basin Limestone Glade and Woodland
Native Grazing,14010_43_44_47_48_53,0.0504004,20,Central Interior Highlands Calcareous Glade and Barrens
Native Grazing,14010_49,0.0502854,20,Central Interior Highlands Calcareous Glade and Barrens
Native Grazing,14080_48,0.049984,20,Alabama Ketona Glade and Woodland
Native Grazing,14090_50_64,0.0039898,251,Great Lakes Alvar
Native Grazing,14130_47,0.055763,18,Bluegrass Savanna and Woodland
Native Grazing,14140_57,0.0049166,203,Southern Appalachian Grass and Shrub Bald
Native Grazing,14180_47,0.0792892,13,Pennyroyal Karst Plain Prairie and Barrens
Native Grazing,14200_39_40_42,0.284174,4,Northern Tallgrass Prairie
Native Grazing,14220_32_35_36_37,0.1357088,7,Southern Blackland Tallgrass Prairie
Native Grazing,14290_37_45,0.0827182,12,West Gulf Coastal Plain Southern Calcareous Prairie
Native Grazing,14340_37_98,0.2459882,4,Texas-Louisiana Coastal Prairie
Native Grazing,14420_36,0.0095284,105,South Texas Sand Sheet Grassland
Native Grazing,14820_30,0.1665984,6,Great Plains Prairie Pothole
Native Grazing,14820_39_40,0.1583818,6,Great Plains Prairie Pothole
Native Grazing,14900_36,0.0080342,124,Gulf and Atlantic Coastal Plain Tidal Marsh Systems
Native Grazing,14950_20,0.1673696,6,Western Great Plains Depressional Wetland Systems
Native Grazing,14950_27_33,0.179099,6,Western Great Plains Depressional Wetland Systems
Native Grazing,14950_30,0.1698554,6,Western Great Plains Depressional Wetland Systems
Native Grazing,14950_31_39_40,0.1519744,7,Western Great Plains Depressional Wetland Systems
Native Grazing,14950_38,0.1522246,7,Western Great Plains Depressional Wetland Systems
Native Grazing,15170_42_49_50,0.0003062,3266,Paleozoic Plateau Bluff and Talus
Replacement Fire,10080_1_2_3_7,0.0034672,288,North Pacific Oak Woodland
Replacement Fire,10090_19,0.0120202,83,Northwestern Great Plains Aspen Forest and Parkland
Replacement Fire,10110_15,0.0069428,144,Rocky Mountain Aspen Forest and Woodland
Replacement Fire,10110_16_23_24,0.017222,58,Rocky Mountain Aspen Forest and Woodland
Replacement Fire,10110_20_29,0.008136,123,Rocky Mountain Aspen Forest and Woodland
Replacement Fire,10110_21,0.0090334,111,Rocky Mountain Aspen Forest and Woodland
Replacement Fire,10110_22,0.0060602,165,Rocky Mountain Aspen Forest and Woodland
Replacement Fire,10110_27,0.0069578,144,Rocky Mountain Aspen Forest and Woodland
Replacement Fire,10110_28,0.006762,148,Rocky Mountain Aspen Forest and Woodland
Replacement Fire,10110_6_10_12_17_18_19,0.0144992,69,Rocky Mountain Aspen Forest and Woodland
Replacement Fire,10110_7,0.0080058,125,Rocky Mountain Aspen Forest and Woodland
Replacement Fire,10110_9,0.0166612,60,Rocky Mountain Aspen Forest and Woodland
Replacement Fire,10120_16_27,0.0074534,134,Rocky Mountain Bigtooth Maple Ravine Woodland
Replacement Fire,10120_17_18_21,0.0074688,134,Rocky Mountain Bigtooth Maple Ravine Woodland
Replacement Fire,10130_31_38_39_40,0.0033938,295,Western Great Plains Dry Bur Oak Forest and Woodland
Replacement Fire,10140_4_5,0.0030384,329,Central and Southern California Mixed Evergreen Woodland
Replacement Fire,10150_2_3_4,0.0024466,409,California Coastal Redwood Forest
Replacement Fire,10160_13_14,0.0022108,452,Colorado Plateau Pinyon-Juniper Woodland
Replacement Fire,10160_15_28,0.0023524,425,Colorado Plateau Pinyon-Juniper Woodland
Replacement Fire,10160_16_23_24_25,0.0023032,434,Colorado Plateau Pinyon-Juniper Woodland
Replacement Fire,10160_17,0.0022908,437,Colorado Plateau Pinyon-Juniper Woodland
Replacement Fire,10160_22,0.0021676,461,Colorado Plateau Pinyon-Juniper Woodland
Replacement Fire,10170_6_7_8_9_12_18,0.002253,444,Columbia Plateau Western Juniper Woodland and Savanna
Replacement Fire,10180_1_7,0.003913,256,East Cascades Mesic Montane Mixed-Conifer Forest and Woodland
Replacement Fire,10190_13_14,0.0020902,478,Great Basin Pinyon-Juniper Woodland
Replacement Fire,10190_15,0.0021042,475,Great Basin Pinyon-Juniper Woodland
Replacement Fire,10190_4,0.0015698,637,Great Basin Pinyon-Juniper Woodland
Replacement Fire,10190_6_7_9_12_16_17_18_19,0.0011386,878,Great Basin Pinyon-Juniper Woodland
Replacement Fire,10200_13,0.00098,1020,Inter-Mountain Basins Subalpine Limber-Bristlecone Pine Woodland
Replacement Fire,10200_6_9_12_17,0.0020382,491,Inter-Mountain Basins Subalpine Limber-Bristlecone Pine Woodland
Replacement Fire,10210_2_3_6_7,0.0043664,229,Klamath-Siskiyou Lower Montane Serpentine Mixed Conifer Woodland
Replacement Fire,10220_2_3_6_7,0.0043418,230,Klamath-Siskiyou Upper Montane Serpentine Mixed Conifer Woodland
Replacement Fire,10230_14_15_24_25,0.0079334,126,Madrean Encinal
Replacement Fire,10240_14_15_24,0.0078772,127,Madrean Lower Montane Pine-Oak Forest and Woodland
Replacement Fire,10240_25_27,0.016468,61,Madrean Lower Montane Pine-Oak Forest and Woodland
Replacement Fire,10240_26,0.06243,16,Madrean Lower Montane Pine-Oak Forest and Woodland
Replacement Fire,10250_14_15_24_25_26,0.007462,134,Madrean Pinyon-Juniper Woodland
Replacement Fire,10260_15,0.0032068,312,Madrean Upper Montane Conifer-Oak Forest and Woodland
Replacement Fire,10270_2_3_7,0.003008,332,Mediterranean California Dry-Mesic Mixed Conifer Forest and Woodland
Replacement Fire,10270_4_5_6,0.006754,148,Mediterranean California Dry-Mesic Mixed Conifer Forest and Woodland
Replacement Fire,10280_2_3,0.0040804,245,Mediterranean California Mesic Mixed Conifer Forest and Woodland
Replacement Fire,10280_4_6_7_12,0.0068814,145,Mediterranean California Mesic Mixed Conifer Forest and Woodland
Replacement Fire,10290_2_3_4_5_6_7_12,0.0034406,291,Mediterranean California Mixed Oak Woodland
Replacement Fire,10300_2_3_4_5_6_7,0.0056492,177,Mediterranean California Lower Montane Black Oak-Conifer Forest and Woodland
Replacement Fire,10310_2_3_4_5_6_12,0.0061636,162,California Montane Jeffrey Pine(-Ponderosa Pine) Woodland
Replacement Fire,10310_7,0.0049738,201,California Montane Jeffrey Pine(-Ponderosa Pine) Woodland
Replacement Fire,10320_2_3_7,0.0054284,184,Mediterranean California Red Fir Forest
Replacement Fire,10321_6,0.0066932,149,Mediterranean California Red Fir Forest - Cascades
Replacement Fire,10322_6,0.0033766,296,Mediterranean California Red Fir Forest - Southern Sierra
Replacement Fire,10330_12,0.0029474,339,Mediterranean California Subalpine Woodland
Replacement Fire,10330_3_6_7,0.0021108,474,Mediterranean California Subalpine Woodland
Replacement Fire,10340_4_6_7,0.0054542,183,Mediterranean California Mesic Serpentine Woodland and Chaparral
Replacement Fire,10350_1_2_7,0.002638,379,North Pacific Dry Douglas-fir(-Madrone) Forest and Woodland
Replacement Fire,10360_1_2,0.0015232,657,North Pacific Hypermaritime Sitka Spruce Forest
Replacement Fire,10370_1_2_7,0.0029984,334,North Pacific Maritime Dry-Mesic Douglas-fir-Western Hemlock Forest
Replacement Fire,10380_1_7,0.0001998,5005,North Pacific Maritime Mesic Subalpine Parkland
Replacement Fire,10390_1_2_3_7,0.00254,394,North Pacific Maritime Mesic-Wet Douglas-fir-Western Hemlock Forest
Replacement Fire,10411_1_7,0.0000896,11161,North Pacific Mountain Hemlock Forest - Wet
Replacement Fire,10412_1_7,0.0033944,295,North Pacific Mountain Hemlock Forest - Xeric
Replacement Fire,10420_1_7,0.0002686,3723,North Pacific Mesic Western Hemlock-Silver Fir Forest
Replacement Fire,10430_5,0.003199,313,Mediterranean California Mixed Evergreen Forest
Replacement Fire,10431_2_3_6_7,0.0059306,169,Mediterranean California Mixed Evergreen Forest - Interior
Replacement Fire,10432_2_3,0.0045818,218,Mediterranean California Mixed Evergreen Forest - Coastal
Replacement Fire,10440_3_6_7,0.0019628,509,Northern California Mesic Subalpine Woodland
Replacement Fire,10450_1_7_8_9,0.005443,184,Northern Rocky Mountain Dry-Mesic Montane Mixed Conifer Forest
Replacement Fire,10450_21,0.0128676,78,Northern Rocky Mountain Dry-Mesic Montane Mixed Conifer Forest
Replacement Fire,10451_10_19,0.0068158,147,Northern Rocky Mountain Dry-Mesic Montane Mixed Conifer Forest - Ponderosa Pine-Douglas-fir
Replacement Fire,10451_20,0.0062286,161,Northern Rocky Mountain Dry-Mesic Montane Mixed Conifer Forest - Ponderosa Pine-Douglas-fir
Replacement Fire,10452_10_19,0.0050812,197,Northern Rocky Mountain Dry-Mesic Montane Mixed Conifer Forest - Larch
Replacement Fire,10453_10_19,0.0045906,218,Northern Rocky Mountain Dry-Mesic Montane Mixed Conifer Forest - Grand Fir
Replacement Fire,10454_20,0.0068698,146,Northern Rocky Mountain Dry-Mesic Montane Mixed Conifer Forest - Lodgepole Pine
Replacement Fire,10460_1_7_9,0.0029632,337,Northern Rocky Mountain Subalpine Woodland and Parkland
Replacement Fire,10460_10_19_20,0.002498,400,Northern Rocky Mountain Subalpine Woodland and Parkland
Replacement Fire,10460_18,0.0044898,223,Northern Rocky Mountain Subalpine Woodland and Parkland
Replacement Fire,10460_21,0.0019936,502,Northern Rocky Mountain Subalpine Woodland and Parkland
Replacement Fire,10470_10_19,0.0053246,188,Northern Rocky Mountain Mesic Montane Mixed Conifer Forest
Replacement Fire,10470_8_9,0.0049656,201,Northern Rocky Mountain Mesic Montane Mixed Conifer Forest
Replacement Fire,10472_10_19,0.0027258,367,Northern Rocky Mountain Mesic Montane Mixed Conifer Forest - Cedar Groves
Replacement Fire,10480_29,0.0037126,269,Northwestern Great Plains Highland White Spruce Woodland
Replacement Fire,10490_16_22,0.004791,209,Rocky Mountain Foothill Limber Pine-Juniper Woodland
Replacement Fire,10490_19_20_21_23_28_29,0.0025256,396,Rocky Mountain Foothill Limber Pine-Juniper Woodland
Replacement Fire,10500_16_23_28,0.0065436,153,Rocky Mountain Lodgepole Pine Forest
Replacement Fire,10500_18,0.0066302,151,Rocky Mountain Lodgepole Pine Forest
Replacement Fire,10500_22,0.005998,167,Rocky Mountain Lodgepole Pine Forest
Replacement Fire,10510_15_16_17_22_23_24_25,0.0107956,93,Southern Rocky Mountain Dry-Mesic Montane Mixed Conifer Forest and Woodland
Replacement Fire,10510_18_21,0.010927,92,Southern Rocky Mountain Dry-Mesic Montane Mixed Conifer Forest and Woodland
Replacement Fire,10510_27,0.0035762,280,Southern Rocky Mountain Dry-Mesic Montane Mixed Conifer Forest and Woodland
Replacement Fire,10510_28,0.0030824,324,Southern Rocky Mountain Dry-Mesic Montane Mixed Conifer Forest and Woodland
Replacement Fire,10510_29,0.010743,93,Southern Rocky Mountain Dry-Mesic Montane Mixed Conifer Forest and Woodland
Replacement Fire,10510_6,0.0109838,91,Southern Rocky Mountain Dry-Mesic Montane Mixed Conifer Forest and Woodland
Replacement Fire,10520_12,0.0054582,183,Southern Rocky Mountain Mesic Montane Mixed Conifer Forest and Woodland
Replacement Fire,10520_13,0.004608,217,Southern Rocky Mountain Mesic Montane Mixed Conifer Forest and Woodland
Replacement Fire,10520_15,0.0053154,188,Southern Rocky Mountain Mesic Montane Mixed Conifer Forest and Woodland
Replacement Fire,10520_16_23_24,0.005481,182,Southern Rocky Mountain Mesic Montane Mixed Conifer Forest and Woodland
Replacement Fire,10520_17,0.0053634,186,Southern Rocky Mountain Mesic Montane Mixed Conifer Forest and Woodland
Replacement Fire,10520_18,0.0053924,185,Southern Rocky Mountain Mesic Montane Mixed Conifer Forest and Woodland
Replacement Fire,10520_21,0.005347,187,Southern Rocky Mountain Mesic Montane Mixed Conifer Forest and Woodland
Replacement Fire,10520_25,0.0054778,183,Southern Rocky Mountain Mesic Montane Mixed Conifer Forest and Woodland
Replacement Fire,10520_27,0.003974,252,Southern Rocky Mountain Mesic Montane Mixed Conifer Forest and Woodland
Replacement Fire,10520_28,0.005033,199,Southern Rocky Mountain Mesic Montane Mixed Conifer Forest and Woodland
Replacement Fire,10530_10_19,0.0028676,349,Northern Rocky Mountain Ponderosa Pine Woodland and Savanna
Replacement Fire,10531_1_7_8_9,0.0037912,264,Northern Rocky Mountain Ponderosa Pine Woodland and Savanna - Mesic
Replacement Fire,10532_7_9,0.0039524,253,Northern Rocky Mountain Ponderosa Pine Woodland and Savanna - Xeric
Replacement Fire,10540_13_14,0.0040366,248,Southern Rocky Mountain Ponderosa Pine Woodland
Replacement Fire,10540_15_25,0.0025054,399,Southern Rocky Mountain Ponderosa Pine Woodland
Replacement Fire,10540_16_23_24,0.0035864,279,Southern Rocky Mountain Ponderosa Pine Woodland
Replacement Fire,10540_17,0.0039398,254,Southern Rocky Mountain Ponderosa Pine Woodland
Replacement Fire,10540_20,0.0042598,235,Southern Rocky Mountain Ponderosa Pine Woodland
Replacement Fire,10540_22,0.0060104,166,Southern Rocky Mountain Ponderosa Pine Woodland
Replacement Fire,10540_26,0.0132328,76,Southern Rocky Mountain Ponderosa Pine Woodland
Replacement Fire,10540_28,0.0020066,498,Southern Rocky Mountain Ponderosa Pine Woodland
Replacement Fire,10540_29,0.0033128,302,Southern Rocky Mountain Ponderosa Pine Woodland
Replacement Fire,10540_33,0.0019706,507,Southern Rocky Mountain Ponderosa Pine Woodland
Replacement Fire,10541_27,0.002919,343,Southern Rocky Mountain Ponderosa Pine Woodland - South
Replacement Fire,10542_27,0.00194,515,Southern Rocky Mountain Ponderosa Pine Woodland - North
Replacement Fire,10550_1_8_9,0.0042744,234,Rocky Mountain Subalpine Dry-Mesic Spruce-Fir Forest and Woodland
Replacement Fire,10550_10_19,0.0049298,203,Rocky Mountain Subalpine Dry-Mesic Spruce-Fir Forest and Woodland
Replacement Fire,10550_15_28,0.0050166,199,Rocky Mountain Subalpine Dry-Mesic Spruce-Fir Forest and Woodland
Replacement Fire,10550_16_23_24,0.0046754,214,Rocky Mountain Subalpine Dry-Mesic Spruce-Fir Forest and Woodland
Replacement Fire,10550_17,0.005794,173,Rocky Mountain Subalpine Dry-Mesic Spruce-Fir Forest and Woodland
Replacement Fire,10550_18,0.0056496,177,Rocky Mountain Subalpine Dry-Mesic Spruce-Fir Forest and Woodland
Replacement Fire,10550_20,0.0074996,133,Rocky Mountain Subalpine Dry-Mesic Spruce-Fir Forest and Woodland
Replacement Fire,10550_21_22,0.0030068,333,Rocky Mountain Subalpine Dry-Mesic Spruce-Fir Forest and Woodland
Replacement Fire,10550_27,0.004917,203,Rocky Mountain Subalpine Dry-Mesic Spruce-Fir Forest and Woodland
Replacement Fire,10550_29,0.0087036,115,Rocky Mountain Subalpine Dry-Mesic Spruce-Fir Forest and Woodland
Replacement Fire,10560_1_7_8_9,0.008413,119,Rocky Mountain Subalpine Mesic-Wet Spruce-Fir Forest and Woodland
Replacement Fire,10560_10_19,0.0056376,177,Rocky Mountain Subalpine Mesic-Wet Spruce-Fir Forest and Woodland
Replacement Fire,10560_15_28,0.005009,200,Rocky Mountain Subalpine Mesic-Wet Spruce-Fir Forest and Woodland
Replacement Fire,10560_16_23,0.0047104,212,Rocky Mountain Subalpine Mesic-Wet Spruce-Fir Forest and Woodland
Replacement Fire,10560_18,0.0055608,180,Rocky Mountain Subalpine Mesic-Wet Spruce-Fir Forest and Woodland
Replacement Fire,10560_20,0.0047074,212,Rocky Mountain Subalpine Mesic-Wet Spruce-Fir Forest and Woodland
Replacement Fire,10560_21_22,0.0023248,430,Rocky Mountain Subalpine Mesic-Wet Spruce-Fir Forest and Woodland
Replacement Fire,10560_29,0.0028868,346,Rocky Mountain Subalpine Mesic-Wet Spruce-Fir Forest and Woodland
Replacement Fire,10570_12_16,0.001976,506,Rocky Mountain Subalpine-Montane Limber-Bristlecone Pine Woodland
Replacement Fire,10570_18,0.0020592,486,Rocky Mountain Subalpine-Montane Limber-Bristlecone Pine Woodland
Replacement Fire,10570_23,0.0019974,501,Rocky Mountain Subalpine-Montane Limber-Bristlecone Pine Woodland
Replacement Fire,10570_28,0.0019578,511,Rocky Mountain Subalpine-Montane Limber-Bristlecone Pine Woodland
Replacement Fire,10570_29,0.0019808,505,Rocky Mountain Subalpine-Montane Limber-Bristlecone Pine Woodland
Replacement Fire,10580_12,0.0063648,157,Sierra Nevada Subalpine Lodgepole Pine Forest and Woodland
Replacement Fire,10580_4,0.003506,285,Sierra Nevada Subalpine Lodgepole Pine Forest and Woodland
Replacement Fire,10580_7,0.011035,91,Sierra Nevada Subalpine Lodgepole Pine Forest and Woodland
Replacement Fire,10581_6,0.0062054,161,Sierra Nevada Subalpine Lodgepole Pine Forest and Woodland - Wet
Replacement Fire,10582_6,0.0043002,233,Sierra Nevada Subalpine Lodgepole Pine Forest and Woodland - Dry
Replacement Fire,10590_24_28,0.0023126,432,Southern Rocky Mountain Pinyon-Juniper Woodland
Replacement Fire,10590_25,0.0042232,237,Southern Rocky Mountain Pinyon-Juniper Woodland
Replacement Fire,10590_26,0.0347968,29,Southern Rocky Mountain Pinyon-Juniper Woodland
Replacement Fire,10590_27_33,0.0029922,334,Southern Rocky Mountain Pinyon-Juniper Woodland
Replacement Fire,10600_1_2_7,0.0025894,386,East Cascades Oak-Ponderosa Pine Forest and Woodland
Replacement Fire,10610_13,0.0123936,81,Inter-Mountain Basins Aspen-Mixed Conifer Forest and Woodland
Replacement Fire,10610_15_25,0.022874,44,Inter-Mountain Basins Aspen-Mixed Conifer Forest and Woodland
Replacement Fire,10610_18,0.0129632,77,Inter-Mountain Basins Aspen-Mixed Conifer Forest and Woodland
Replacement Fire,10610_20_29,0.0084644,118,Inter-Mountain Basins Aspen-Mixed Conifer Forest and Woodland
Replacement Fire,10610_22_27_28,0.0129302,77,Inter-Mountain Basins Aspen-Mixed Conifer Forest and Woodland
Replacement Fire,10610_6,0.0067042,149,Inter-Mountain Basins Aspen-Mixed Conifer Forest and Woodland
Replacement Fire,10610_8_9_17,0.0144014,69,Inter-Mountain Basins Aspen-Mixed Conifer Forest and Woodland
Replacement Fire,10611_16_23_24,0.02334,43,Inter-Mountain Basins Aspen-Mixed Conifer Forest and Woodland - Low Elevation
Replacement Fire,10612_16_23,0.0141812,71,Inter-Mountain Basins Aspen-Mixed Conifer Forest and Woodland - High Elevation
Replacement Fire,10620_10_19_21_29_31,0.0035336,283,Inter-Mountain Basins Curl-leaf Mountain Mahogany Woodland and Shrubland
Replacement Fire,10620_13,0.003504,285,Inter-Mountain Basins Curl-leaf Mountain Mahogany Woodland and Shrubland
Replacement Fire,10620_16_23,0.0039924,250,Inter-Mountain Basins Curl-leaf Mountain Mahogany Woodland and Shrubland
Replacement Fire,10620_22_28,0.0043894,228,Inter-Mountain Basins Curl-leaf Mountain Mahogany Woodland and Shrubland
Replacement Fire,10620_6_12_17_18,0.0034888,287,Inter-Mountain Basins Curl-leaf Mountain Mahogany Woodland and Shrubland
Replacement Fire,10620_7_9,0.0041422,241,Inter-Mountain Basins Curl-leaf Mountain Mahogany Woodland and Shrubland
Replacement Fire,10630_1,0.0022152,451,North Pacific Broadleaf Landslide Forest and Shrubland
Replacement Fire,10630_2_7,0.0099876,100,North Pacific Broadleaf Landslide Forest and Shrubland
Replacement Fire,10640_15_16_17_23_24_27_28,0.004241,236,Colorado Plateau Mixed Low Sagebrush Shrubland
Replacement Fire,10650_1_8_9_10,0.0039546,253,Columbia Plateau Scabland Shrubland
Replacement Fire,10660_29,0.0023186,431,Inter-Mountain Basins Mat Saltbush Shrubland
Replacement Fire,10670_6,0.0019056,525,Mediterranean California Alpine Fell-Field
Replacement Fire,10700_10_19_28,0.0043774,228,Rocky Mountain Alpine Dwarf-Shrubland
Replacement Fire,10700_16,0.0043696,229,Rocky Mountain Alpine Dwarf-Shrubland
Replacement Fire,10700_21,0.0017918,558,Rocky Mountain Alpine Dwarf-Shrubland
Replacement Fire,10710_6,0.0044258,226,Sierra Nevada Alpine Dwarf-Shrubland
Replacement Fire,10720_22_29,0.003041,329,Wyoming Basins Dwarf Sagebrush Shrubland and Steppe
Replacement Fire,10720_28,0.0078584,127,Wyoming Basins Dwarf Sagebrush Shrubland and Steppe
Replacement Fire,10750_25,0.0014188,705,Chihuahuan Mixed Salt Desert Scrub
Replacement Fire,10750_26,0.001631,613,Chihuahuan Mixed Salt Desert Scrub
Replacement Fire,10760_25,0.045341,22,Chihuahuan Stabilized Coppice Dune and Sand Flat Scrub
Replacement Fire,10770_15,0.002871,348,Chihuahuan Succulent Desert Scrub
Replacement Fire,10770_25_26,0.0062666,160,Chihuahuan Succulent Desert Scrub
Replacement Fire,10780_15,0.0034632,289,Colorado Plateau Blackbrush-Mormon-tea Shrubland
Replacement Fire,10780_16_23_24_25,0.0068986,145,Colorado Plateau Blackbrush-Mormon-tea Shrubland
Replacement Fire,10790_13,0.010086,99,Great Basin Xeric Mixed Sagebrush Shrubland
Replacement Fire,10790_6_9_10_12_16_17_18,0.0106596,94,Great Basin Xeric Mixed Sagebrush Shrubland
Replacement Fire,10800_1_7_8_9,0.0098938,101,Inter-Mountain Basins Big Sagebrush Shrubland
Replacement Fire,10800_10_19,0.012521,80,Inter-Mountain Basins Big Sagebrush Shrubland
Replacement Fire,10800_13_14,0.009226,108,Inter-Mountain Basins Big Sagebrush Shrubland
Replacement Fire,10801_21_22_28,0.0136586,73,Inter-Mountain Basins Big Sagebrush Shrubland - Basin Big Sagebrush
Replacement Fire,10802_21_22_28,0.010061,99,Inter-Mountain Basins Big Sagebrush Shrubland - Wyoming Big Sagebrush
Replacement Fire,10803_6_12_15_16_17_18_23_24_25,0.0066022,151,Inter-Mountain Basins Big Sagebrush Shrubland - Semi-Desert
Replacement Fire,10804_6_12_15_16_17_18_23_24_25,0.0084418,118,Inter-Mountain Basins Big Sagebrush Shrubland - Upland
Replacement Fire,10810_15_16_23_24_28,0.001596,627,Inter-Mountain Basins Mixed Salt Desert Scrub
Replacement Fire,10810_18_19_21,0.0008272,1209,Inter-Mountain Basins Mixed Salt Desert Scrub
Replacement Fire,10810_22,0.0022558,443,Inter-Mountain Basins Mixed Salt Desert Scrub
Replacement Fire,10810_27_33,0.0042778,234,Inter-Mountain Basins Mixed Salt Desert Scrub
Replacement Fire,10810_6_12_13_17,0.0005172,1933,Inter-Mountain Basins Mixed Salt Desert Scrub
Replacement Fire,10810_7_8_9,0.0014228,703,Inter-Mountain Basins Mixed Salt Desert Scrub
Replacement Fire,10820_12_15_16_17_23_24,0.0012436,804,Mojave Mid-Elevation Mixed Desert Scrub
Replacement Fire,10820_14,0.0024776,404,Mojave Mid-Elevation Mixed Desert Scrub
Replacement Fire,10820_4_13,0.0024768,404,Mojave Mid-Elevation Mixed Desert Scrub
Replacement Fire,10820_6,0.0019462,514,Mojave Mid-Elevation Mixed Desert Scrub
Replacement Fire,10830_1,0.0009918,1008,North Pacific Avalanche Chute Shrubland
Replacement Fire,10840_1,0.0001032,9690,North Pacific Montane Shrubland
Replacement Fire,10850_20,0.0336516,30,Northwestern Great Plains Shrubland
Replacement Fire,10850_29_30,0.065863,15,Northwestern Great Plains Shrubland
Replacement Fire,10860_13_16_17_18_21_23,0.0096796,103,Rocky Mountain Lower Montane-Foothill Shrubland
Replacement Fire,10860_25,0.0140764,71,Rocky Mountain Lower Montane-Foothill Shrubland
Replacement Fire,10860_26,0.0695092,14,Rocky Mountain Lower Montane-Foothill Shrubland
Replacement Fire,10860_27_31_33,0.022085,45,Rocky Mountain Lower Montane-Foothill Shrubland
Replacement Fire,10860_28,0.0138136,72,Rocky Mountain Lower Montane-Foothill Shrubland
Replacement Fire,10860_29,0.0093834,107,Rocky Mountain Lower Montane-Foothill Shrubland
Replacement Fire,10861_22,0.0110542,90,Rocky Mountain Lower Montane-Foothill Shrubland - No True Mountain Mahogany
Replacement Fire,10862_22,0.0093616,107,Rocky Mountain Lower Montane-Foothill Shrubland - True Mountain Mahogany
Replacement Fire,10870_4_6_12_13_14_15_17_24_25,0.0030082,332,Sonora-Mojave Creosotebush-White Bursage Desert Scrub
Replacement Fire,10900_14,0.0020288,493,Sonoran Granite Outcrop Desert Scrub
Replacement Fire,10910_13_14,0.0095236,105,Sonoran Mid-Elevation Desert Scrub
Replacement Fire,10910_15,0.0028784,347,Sonoran Mid-Elevation Desert Scrub
Replacement Fire,10910_25,0.0027222,367,Sonoran Mid-Elevation Desert Scrub
Replacement Fire,10920_4,0.0065338,153,Southern California Coastal Scrub
Replacement Fire,10930_13_15_16_23_24_28,0.0046186,217,Southern Colorado Plateau Sand Shrubland
Replacement Fire,10940_25,0.0615598,16,Western Great Plains Sandhill Steppe
Replacement Fire,10940_26,0.0460072,22,Western Great Plains Sandhill Steppe
Replacement Fire,10940_27_33,0.0443664,23,Western Great Plains Sandhill Steppe
Replacement Fire,10940_31_38,0.0440666,23,Western Great Plains Sandhill Steppe
Replacement Fire,10940_32_35,0.0194034,52,Western Great Plains Sandhill Steppe
Replacement Fire,10940_34,0.0238736,42,Western Great Plains Sandhill Steppe
Replacement Fire,10950_14,0.1020774,10,Apacherian-Chihuahuan Mesquite Upland Scrub
Replacement Fire,10950_15,0.0990184,10,Apacherian-Chihuahuan Mesquite Upland Scrub
Replacement Fire,10950_25,0.101408,10,Apacherian-Chihuahuan Mesquite Upland Scrub
Replacement Fire,10950_26_35,0.0385152,26,Apacherian-Chihuahuan Mesquite Upland Scrub
Replacement Fire,10950_27,0.0390732,26,Apacherian-Chihuahuan Mesquite Upland Scrub
Replacement Fire,10960_3,0.0091754,109,California Maritime Chaparral
Replacement Fire,10960_4,0.0081452,123,California Maritime Chaparral
Replacement Fire,10970_3_6_7,0.0188538,53,California Mesic Chaparral
Replacement Fire,10970_4_5,0.0124776,80,California Mesic Chaparral
Replacement Fire,10980_3,0.0105278,95,California Montane Woodland and Chaparral
Replacement Fire,10980_4,0.017511,57,California Montane Woodland and Chaparral
Replacement Fire,10980_6,0.0108438,92,California Montane Woodland and Chaparral
Replacement Fire,10980_7,0.02051,49,California Montane Woodland and Chaparral
Replacement Fire,10990_3,0.0123568,81,California Xeric Serpentine Chaparral
Replacement Fire,10990_4,0.012566,80,California Xeric Serpentine Chaparral
Replacement Fire,11000_15,0.0018368,544,Chihuahuan Mixed Desert and Thorn Scrub
Replacement Fire,11002_25,0.0011862,843,Chihuahuan Mixed Desert and Thorn Scrub - Shrubland
Replacement Fire,11010_25,0.0241886,41,Madrean Oriental Chaparral
Replacement Fire,11010_26,0.0241708,41,Madrean Oriental Chaparral
Replacement Fire,11020_13_15_16_23_24,0.003029,330,Colorado Plateau Pinyon-Juniper Shrubland
Replacement Fire,11020_28,0.0023474,426,Colorado Plateau Pinyon-Juniper Shrubland
Replacement Fire,11030_6_7_12_13_16_17_23,0.0196952,51,Great Basin Semi-Desert Chaparral
Replacement Fire,11040_13_14_25,0.0129724,77,Mogollon Chaparral
Replacement Fire,11040_15,0.0126044,79,Mogollon Chaparral
Replacement Fire,11040_17,0.020164,50,Mogollon Chaparral
Replacement Fire,11040_23_24,0.0211108,47,Mogollon Chaparral
Replacement Fire,11050_3_6_7,0.0135666,74,Northern and Central California Dry-Mesic Chaparral
Replacement Fire,11050_4_5,0.0196422,51,Northern and Central California Dry-Mesic Chaparral
Replacement Fire,11060_1_8_9,0.0236624,42,Northern Rocky Mountain Montane-Foothill Deciduous Shrubland
Replacement Fire,11060_10_19,0.0099634,100,Northern Rocky Mountain Montane-Foothill Deciduous Shrubland
Replacement Fire,11060_18,0.0099348,101,Northern Rocky Mountain Montane-Foothill Deciduous Shrubland
Replacement Fire,11060_20_21_29,0.0126868,79,Northern Rocky Mountain Montane-Foothill Deciduous Shrubland
Replacement Fire,11060_22,0.0122444,82,Northern Rocky Mountain Montane-Foothill Deciduous Shrubland
Replacement Fire,11070_13,0.0066198,151,Rocky Mountain Gambel Oak-Mixed Montane Shrubland
Replacement Fire,11070_15,0.0202162,49,Rocky Mountain Gambel Oak-Mixed Montane Shrubland
Replacement Fire,11070_17,0.0065156,153,Rocky Mountain Gambel Oak-Mixed Montane Shrubland
Replacement Fire,11070_23_24,0.0193708,52,Rocky Mountain Gambel Oak-Mixed Montane Shrubland
Replacement Fire,11070_25_28,0.0201228,50,Rocky Mountain Gambel Oak-Mixed Montane Shrubland
Replacement Fire,11070_27_33,0.0205498,49,Rocky Mountain Gambel Oak-Mixed Montane Shrubland
Replacement Fire,11071_16,0.0175884,57,Rocky Mountain Gambel Oak-Mixed Montane Shrubland  - Continuous
Replacement Fire,11072_16,0.006462,155,Rocky Mountain Gambel Oak-Mixed Montane Shrubland - Patchy
Replacement Fire,11080_17,0.0198964,50,Sonora-Mojave Semi-Desert Chaparral
Replacement Fire,11080_4_5_13_14_15_24_25,0.0122214,82,Sonora-Mojave Semi-Desert Chaparral
Replacement Fire,11090_14,0.000937,1067,Sonoran Paloverde-Mixed Cacti Desert Scrub
Replacement Fire,11090_15_25,0.00095,1053,Sonoran Paloverde-Mixed Cacti Desert Scrub
Replacement Fire,11090_4_13,0.000758,1319,Sonoran Paloverde-Mixed Cacti Desert Scrub
Replacement Fire,11100_4,0.0198466,50,Southern California Dry-Mesic Chaparral
Replacement Fire,11110_26,0.067777,15,Western Great Plains Mesquite Woodland and Shrubland
Replacement Fire,11110_27_33,0.053427,19,Western Great Plains Mesquite Woodland and Shrubland
Replacement Fire,11110_32_35,0.0781974,13,Western Great Plains Mesquite Woodland and Shrubland
Replacement Fire,11110_34,0.0677384,15,Western Great Plains Mesquite Woodland and Shrubland
Replacement Fire,11120_4_5,0.0055544,180,California Central Valley Mixed Oak Savanna
Replacement Fire,11130_3,0.0057416,174,California Coastal Live Oak Woodland and Savanna
Replacement Fire,11130_4,0.0058188,172,California Coastal Live Oak Woodland and Savanna
Replacement Fire,11140_3_6_7,0.0079068,126,California Lower Montane Blue Oak-Foothill Pine Woodland and Savanna
Replacement Fire,11140_4_5,0.0079126,126,California Lower Montane Blue Oak-Foothill Pine Woodland and Savanna
Replacement Fire,11150_10_19,0.0012178,821,Inter-Mountain Basins Juniper Savanna
Replacement Fire,11150_13,0.001237,808,Inter-Mountain Basins Juniper Savanna
Replacement Fire,11150_14,0.001198,835,Inter-Mountain Basins Juniper Savanna
Replacement Fire,11150_15_16_23_24,0.00301,332,Inter-Mountain Basins Juniper Savanna
Replacement Fire,11150_17,0.0012548,797,Inter-Mountain Basins Juniper Savanna
Replacement Fire,11150_21_22,0.002775,360,Inter-Mountain Basins Juniper Savanna
Replacement Fire,11150_28,0.0029446,340,Inter-Mountain Basins Juniper Savanna
Replacement Fire,11160_15_25,0.0074226,135,Madrean Juniper Savanna
Replacement Fire,11160_24,0.0072072,139,Madrean Juniper Savanna
Replacement Fire,11160_26,0.0417786,24,Madrean Juniper Savanna
Replacement Fire,11170_13_15_28,0.0026792,373,Southern Rocky Mountain Ponderosa Pine Savanna
Replacement Fire,11170_16_23_24,0.006086,164,Southern Rocky Mountain Ponderosa Pine Savanna
Replacement Fire,11170_20,0.0025792,388,Southern Rocky Mountain Ponderosa Pine Savanna
Replacement Fire,11170_29,0.0027236,367,Southern Rocky Mountain Ponderosa Pine Savanna
Replacement Fire,11170_33,0.002247,445,Southern Rocky Mountain Ponderosa Pine Savanna
Replacement Fire,11171_27,0.0019216,520,Southern Rocky Mountain Ponderosa Pine Savanna - South
Replacement Fire,11172_27,0.0021892,457,Southern Rocky Mountain Ponderosa Pine Savanna - North
Replacement Fire,11180_4,0.0057292,175,Southern California Oak Woodland and Savanna
Replacement Fire,11190_24_25,0.0019604,510,Southern Rocky Mountain Juniper Woodland and Savanna
Replacement Fire,11190_26,0.0339504,29,Southern Rocky Mountain Juniper Woodland and Savanna
Replacement Fire,11190_27,0.0020334,492,Southern Rocky Mountain Juniper Woodland and Savanna
Replacement Fire,11190_28,0.0019892,503,Southern Rocky Mountain Juniper Woodland and Savanna
Replacement Fire,11190_34,0.0115098,87,Southern Rocky Mountain Juniper Woodland and Savanna
Replacement Fire,11200_1_2_7,0.0034292,292,Willamette Valley Upland Prairie and Savanna
Replacement Fire,11210_14,0.1031082,10,Apacherian-Chihuahuan Semi-Desert Grassland and Steppe
Replacement Fire,11210_15,0.1012154,10,Apacherian-Chihuahuan Semi-Desert Grassland and Steppe
Replacement Fire,11210_24,0.100566,10,Apacherian-Chihuahuan Semi-Desert Grassland and Steppe
Replacement Fire,11210_26,0.0662534,15,Apacherian-Chihuahuan Semi-Desert Grassland and Steppe
Replacement Fire,11210_27,0.0766116,13,Apacherian-Chihuahuan Semi-Desert Grassland and Steppe
Replacement Fire,11220_25,0.0154988,65,Chihuahuan Gypsophilous Grassland and Steppe
Replacement Fire,11230_1_7_8_9,0.0256248,39,Columbia Plateau Steppe and Grassland
Replacement Fire,11230_10_18,0.0198044,50,Columbia Plateau Steppe and Grassland
Replacement Fire,11240_1_7_8_9,0.0044064,227,Columbia Plateau Low Sagebrush Steppe
Replacement Fire,11240_10_12_17_18_19_21,0.0050212,199,Columbia Plateau Low Sagebrush Steppe
Replacement Fire,11250_1_7_8_9_10_19,0.0165466,60,Inter-Mountain Basins Big Sagebrush Steppe
Replacement Fire,11250_20_29_30_31_33,0.010862,92,Inter-Mountain Basins Big Sagebrush Steppe
Replacement Fire,11250_6_12_13_15_16_17_18_23_24_25_28,0.0086132,116,Inter-Mountain Basins Big Sagebrush Steppe
Replacement Fire,11260_1_7_8_9_10_19,0.0321598,31,Inter-Mountain Basins Montane Sagebrush Steppe
Replacement Fire,11260_13,0.0203234,49,Inter-Mountain Basins Montane Sagebrush Steppe
Replacement Fire,11260_20_29_33,0.0201238,50,Inter-Mountain Basins Montane Sagebrush Steppe
Replacement Fire,11260_21,0.0201912,50,Inter-Mountain Basins Montane Sagebrush Steppe
Replacement Fire,11260_22,0.0115496,87,Inter-Mountain Basins Montane Sagebrush Steppe
Replacement Fire,11260_6_12_17_18_28,0.0199184,50,Inter-Mountain Basins Montane Sagebrush Steppe
Replacement Fire,11261_16_23_24,0.0203804,49,Inter-Mountain Basins Montane Sagebrush Steppe - Mountain Big Sagebrush
Replacement Fire,11262_16_23,0.0046356,216,Inter-Mountain Basins Montane Sagebrush Steppe - Low Sagebrush
Replacement Fire,11270_10_12_13_17_18,0.0045028,222,Inter-Mountain Basins Semi-Desert Shrub-Steppe
Replacement Fire,11270_14,0.0044374,225,Inter-Mountain Basins Semi-Desert Shrub-Steppe
Replacement Fire,11270_15,0.0084802,118,Inter-Mountain Basins Semi-Desert Shrub-Steppe
Replacement Fire,11270_16_23_24_25,0.0094344,106,Inter-Mountain Basins Semi-Desert Shrub-Steppe
Replacement Fire,11270_21,0.004609,217,Inter-Mountain Basins Semi-Desert Shrub-Steppe
Replacement Fire,11270_22,0.0022132,452,Inter-Mountain Basins Semi-Desert Shrub-Steppe
Replacement Fire,11270_28,0.0084374,119,Inter-Mountain Basins Semi-Desert Shrub-Steppe
Replacement Fire,11270_7_8_9,0.0047498,211,Inter-Mountain Basins Semi-Desert Shrub-Steppe
Replacement Fire,11280_2_3_4,0.009016,111,Northern California Coastal Scrub
Replacement Fire,11290_4_5,0.2648382,4,California Central Valley and Southern Coastal Grassland
Replacement Fire,11300_3_4,0.1516286,7,California Mesic Serpentine Grassland
Replacement Fire,11310_2_3_4,0.4430584,2,California Northern Coastal Grassland
Replacement Fire,11320_31_38,0.1251102,8,Central Mixedgrass Prairie
Replacement Fire,11320_32_34_35,0.1349004,7,Central Mixedgrass Prairie
Replacement Fire,11320_33,0.0655498,15,Central Mixedgrass Prairie
Replacement Fire,11330_25,0.0011562,865,Chihuahuan Sandy Plains Semi-Desert Grassland
Replacement Fire,11340_10,0.0711422,14,Columbia Basin Foothill and Canyon Dry Grassland
Replacement Fire,11340_8_9,0.0472526,21,Columbia Basin Foothill and Canyon Dry Grassland
Replacement Fire,11350_13_14,0.0083948,119,Inter-Mountain Basins Semi-Desert Grassland
Replacement Fire,11350_15_28,0.0130124,77,Inter-Mountain Basins Semi-Desert Grassland
Replacement Fire,11350_16_23_24,0.0399014,25,Inter-Mountain Basins Semi-Desert Grassland
Replacement Fire,11350_22,0.0401812,25,Inter-Mountain Basins Semi-Desert Grassland
Replacement Fire,11350_25,0.0387496,26,Inter-Mountain Basins Semi-Desert Grassland
Replacement Fire,11350_7_8_9_10_12_17_18,0.0124552,80,Inter-Mountain Basins Semi-Desert Grassland
Replacement Fire,11360_6,0.0049164,203,Mediterranean California Alpine Dry Tundra
Replacement Fire,11370_3_6,0.0246528,41,Mediterranean California Subalpine Meadow
Replacement Fire,11380_1,0.0013112,763,North Pacific Montane Grassland
Replacement Fire,11380_3_5,0.0158596,63,North Pacific Montane Grassland
Replacement Fire,11380_6,0.0619502,16,North Pacific Montane Grassland
Replacement Fire,11390_10_19,0.0579514,17,Northern Rocky Mountain Lower Montane-Foothill-Valley Grassland
Replacement Fire,11390_18,0.0197352,51,Northern Rocky Mountain Lower Montane-Foothill-Valley Grassland
Replacement Fire,11390_20,0.050128,20,Northern Rocky Mountain Lower Montane-Foothill-Valley Grassland
Replacement Fire,11390_21,0.0312214,32,Northern Rocky Mountain Lower Montane-Foothill-Valley Grassland
Replacement Fire,11390_22,0.0151734,66,Northern Rocky Mountain Lower Montane-Foothill-Valley Grassland
Replacement Fire,11390_29,0.028715,35,Northern Rocky Mountain Lower Montane-Foothill-Valley Grassland
Replacement Fire,11390_8_9,0.023029,43,Northern Rocky Mountain Lower Montane-Foothill-Valley Grassland
Replacement Fire,11400_10_19,0.006937,144,Northern Rocky Mountain Subalpine-Upper Montane Grassland
Replacement Fire,11400_20,0.012651,79,Northern Rocky Mountain Subalpine-Upper Montane Grassland
Replacement Fire,11400_21,0.0049054,204,Northern Rocky Mountain Subalpine-Upper Montane Grassland
Replacement Fire,11400_29,0.0124844,80,Northern Rocky Mountain Subalpine-Upper Montane Grassland
Replacement Fire,11400_9,0.001474,678,Northern Rocky Mountain Subalpine-Upper Montane Grassland
Replacement Fire,11410_20,0.0837024,12,Northwestern Great Plains Mixedgrass Prairie
Replacement Fire,11410_29_30,0.0739452,14,Northwestern Great Plains Mixedgrass Prairie
Replacement Fire,11410_31,0.1247792,8,Northwestern Great Plains Mixedgrass Prairie
Replacement Fire,11410_39,0.124771,8,Northwestern Great Plains Mixedgrass Prairie
Replacement Fire,11410_40,0.1278934,8,Northwestern Great Plains Mixedgrass Prairie
Replacement Fire,11420_8,0.0398162,25,Columbia Basin Palouse Prairie
Replacement Fire,11420_9_10,0.0404454,25,Columbia Basin Palouse Prairie
Replacement Fire,11430_9_19_21_28,0.0018978,527,Rocky Mountain Alpine Fell-Field
Replacement Fire,11440_12_16_19_28,0.0047024,213,Rocky Mountain Alpine Turf
Replacement Fire,11440_21_22,0.0019632,509,Rocky Mountain Alpine Turf
Replacement Fire,11450_13,0.0248608,40,Rocky Mountain Subalpine-Montane Mesic Meadow
Replacement Fire,11450_16,0.0251166,40,Rocky Mountain Subalpine-Montane Mesic Meadow
Replacement Fire,11450_17,0.0253208,39,Rocky Mountain Subalpine-Montane Mesic Meadow
Replacement Fire,11450_20,0.0117726,85,Rocky Mountain Subalpine-Montane Mesic Meadow
Replacement Fire,11450_21,0.0246642,41,Rocky Mountain Subalpine-Montane Mesic Meadow
Replacement Fire,11450_22_24_28,0.0247044,40,Rocky Mountain Subalpine-Montane Mesic Meadow
Replacement Fire,11450_29,0.0117916,85,Rocky Mountain Subalpine-Montane Mesic Meadow
Replacement Fire,11450_9_10_19,0.0249486,40,Rocky Mountain Subalpine-Montane Mesic Meadow
Replacement Fire,11460_15_16_23_24_25_28,0.0516602,19,Southern Rocky Mountain Montane-Subalpine Grassland
Replacement Fire,11460_27,0.0435502,23,Southern Rocky Mountain Montane-Subalpine Grassland
Replacement Fire,11470_27_33,0.0414688,24,Western Great Plains Foothill and Piedmont Grassland
Replacement Fire,11470_28,0.0856832,12,Western Great Plains Foothill and Piedmont Grassland
Replacement Fire,11480_20_29_30,0.0466178,21,Western Great Plains Sand Prairie
Replacement Fire,11480_31_38,0.0645776,15,Western Great Plains Sand Prairie
Replacement Fire,11480_32,0.0771686,13,Western Great Plains Sand Prairie
Replacement Fire,11480_34_35,0.0767156,13,Western Great Plains Sand Prairie
Replacement Fire,11490_25,0.0518808,19,Western Great Plains Shortgrass Prairie
Replacement Fire,11490_26,0.1849968,5,Western Great Plains Shortgrass Prairie
Replacement Fire,11490_27_38,0.0449576,22,Western Great Plains Shortgrass Prairie
Replacement Fire,11490_28,0.0801826,12,Western Great Plains Shortgrass Prairie
Replacement Fire,11490_29,0.047766,21,Western Great Plains Shortgrass Prairie
Replacement Fire,11490_31_33,0.0470386,21,Western Great Plains Shortgrass Prairie
Replacement Fire,11490_34_35,0.073764,14,Western Great Plains Shortgrass Prairie
Replacement Fire,11500_31_39_40,0.1947052,5,Western Great Plains Tallgrass Prairie
Replacement Fire,11500_38,0.1946906,5,Western Great Plains Tallgrass Prairie
Replacement Fire,11520_2_3_7,0.0157222,64,California Montane Riparian Systems
Replacement Fire,11520_4_5,0.0101434,99,California Montane Riparian Systems
Replacement Fire,11520_6,0.0112762,89,California Montane Riparian Systems
Replacement Fire,11530_16_23_24_25_27,0.0047642,210,Inter-Mountain Basins Greasewood Flat
Replacement Fire,11530_20_22_29_30,0.004888,205,Inter-Mountain Basins Greasewood Flat
Replacement Fire,11530_28,0.004916,203,Inter-Mountain Basins Greasewood Flat
Replacement Fire,11530_6_10_12_13_17_18_19_21,0.0009976,1002,Inter-Mountain Basins Greasewood Flat
Replacement Fire,11530_7_8_9,0.000976,1025,Inter-Mountain Basins Greasewood Flat
Replacement Fire,11540_1_7_8_9,0.0101864,98,Inter-Mountain Basins Montane Riparian Systems
Replacement Fire,11540_10_19,0.0057738,173,Inter-Mountain Basins Montane Riparian Systems
Replacement Fire,11540_13,0.0148028,68,Inter-Mountain Basins Montane Riparian Systems
Replacement Fire,11540_18,0.0055584,180,Inter-Mountain Basins Montane Riparian Systems
Replacement Fire,11540_6_12_16_17,0.0026152,382,Inter-Mountain Basins Montane Riparian Systems
Replacement Fire,11550_13_14,0.0012684,788,North American Warm Desert Riparian Systems
Replacement Fire,11550_15,0.001297,771,North American Warm Desert Riparian Systems
Replacement Fire,11550_25,0.0044624,224,North American Warm Desert Riparian Systems
Replacement Fire,11550_4,0.0013182,759,North American Warm Desert Riparian Systems
Replacement Fire,11552_13_14_15,0.001372,729,North American Warm Desert Riparian Systems - Stringers
Replacement Fire,11560_1_2_7,0.0013448,744,North Pacific Lowland Riparian Forest and Shrubland
Replacement Fire,11581_1_2_7,0.0005148,1943,North Pacific Montane Riparian Woodland and Shrubland - Wet
Replacement Fire,11582_1_2_7,0.0021572,464,North Pacific Montane Riparian Woodland and Shrubland - Dry
Replacement Fire,11590_10_19,0.0099132,101,Rocky Mountain Montane Riparian Systems
Replacement Fire,11590_12_17,0.0027084,369,Rocky Mountain Montane Riparian Systems
Replacement Fire,11590_13,0.0147456,68,Rocky Mountain Montane Riparian Systems
Replacement Fire,11590_15,0.0186712,54,Rocky Mountain Montane Riparian Systems
Replacement Fire,11590_16_23_24_26,0.0037284,268,Rocky Mountain Montane Riparian Systems
Replacement Fire,11590_18,0.0057034,175,Rocky Mountain Montane Riparian Systems
Replacement Fire,11590_20,0.0100598,99,Rocky Mountain Montane Riparian Systems
Replacement Fire,11590_21,0.0053978,185,Rocky Mountain Montane Riparian Systems
Replacement Fire,11590_22,0.0037124,269,Rocky Mountain Montane Riparian Systems
Replacement Fire,11590_25,0.0036626,273,Rocky Mountain Montane Riparian Systems
Replacement Fire,11590_27_33,0.003703,270,Rocky Mountain Montane Riparian Systems
Replacement Fire,11590_28,0.0036436,274,Rocky Mountain Montane Riparian Systems
Replacement Fire,11590_29,0.0100066,100,Rocky Mountain Montane Riparian Systems
Replacement Fire,11590_8_9,0.0099578,100,Rocky Mountain Montane Riparian Systems
Replacement Fire,11600_10_19,0.004932,203,Rocky Mountain Subalpine/Upper Montane Riparian Systems
Replacement Fire,11600_12_17,0.0036318,275,Rocky Mountain Subalpine/Upper Montane Riparian Systems
Replacement Fire,11600_15_28,0.0037002,270,Rocky Mountain Subalpine/Upper Montane Riparian Systems
Replacement Fire,11600_16,0.0036262,276,Rocky Mountain Subalpine/Upper Montane Riparian Systems
Replacement Fire,11600_18,0.014926,67,Rocky Mountain Subalpine/Upper Montane Riparian Systems
Replacement Fire,11600_20_29,0.003305,303,Rocky Mountain Subalpine/Upper Montane Riparian Systems
Replacement Fire,11600_21,0.0029852,335,Rocky Mountain Subalpine/Upper Montane Riparian Systems
Replacement Fire,11600_23,0.0036926,271,Rocky Mountain Subalpine/Upper Montane Riparian Systems
Replacement Fire,11600_8_9,0.0050238,199,Rocky Mountain Subalpine/Upper Montane Riparian Systems
Replacement Fire,11610_21,0.002552,392,Northern Rocky Mountain Conifer Swamp
Replacement Fire,11610_9_10_19,0.0025586,391,Northern Rocky Mountain Conifer Swamp
Replacement Fire,11620_20,0.0093592,107,Western Great Plains Floodplain Systems
Replacement Fire,11620_22,0.0017718,564,Western Great Plains Floodplain Systems
Replacement Fire,11620_29_30,0.0088276,113,Western Great Plains Floodplain Systems
Replacement Fire,11620_31_39_40,0.0041602,240,Western Great Plains Floodplain Systems
Replacement Fire,11620_32_35,0.0054794,183,Western Great Plains Floodplain Systems
Replacement Fire,11620_34,0.0131462,76,Western Great Plains Floodplain Systems
Replacement Fire,11620_38,0.0041746,240,Western Great Plains Floodplain Systems
Replacement Fire,11630_3_4_5,0.0653954,15,Pacific Coastal Marsh Systems
Replacement Fire,11650_1_7_8,0.007971,125,Northern Rocky Mountain Foothill Conifer Wooded Steppe
Replacement Fire,11650_9,0.004863,206,Northern Rocky Mountain Foothill Conifer Wooded Steppe
Replacement Fire,11660_21,0.003454,290,Middle Rocky Mountain Montane Douglas-fir Forest and Woodland
Replacement Fire,11660_22,0.004866,206,Middle Rocky Mountain Montane Douglas-fir Forest and Woodland
Replacement Fire,11660_29,0.0048196,207,Middle Rocky Mountain Montane Douglas-fir Forest and Woodland
Replacement Fire,11660_9_10_19,0.0088234,113,Middle Rocky Mountain Montane Douglas-fir Forest and Woodland
Replacement Fire,11662_19,0.0049778,201,Middle Rocky Mountain Montane Douglas-fir Forest and Woodland - Fire-maintained Savanna
Replacement Fire,11670_1_7_9,0.009161,109,Rocky Mountain Poor-Site Lodgepole Pine Forest
Replacement Fire,11670_10_19,0.0030444,328,Rocky Mountain Poor-Site Lodgepole Pine Forest
Replacement Fire,11670_21,0.0031166,321,Rocky Mountain Poor-Site Lodgepole Pine Forest
Replacement Fire,11700_2_3_7,0.0050694,197,Klamath-Siskiyou Xeromorphic Serpentine Savanna and Chaparral
Replacement Fire,11710_1,0.001998,501,North Pacific Alpine and Subalpine Dry Grassland
Replacement Fire,11710_7,0.0049202,203,North Pacific Alpine and Subalpine Dry Grassland
Replacement Fire,11720_7,0.004976,201,Sierran-Intermontane Desert Western White Pine-White Fir Woodland
Replacement Fire,11730_1_7,0.0020112,497,North Pacific Wooded Volcanic Flowage
Replacement Fire,11740_1_7,0.0030328,330,North Pacific Dry-Mesic Silver Fir-Western Hemlock-Douglas-fir Forest
Replacement Fire,11770_3,0.0221818,45,California Coastal Closed-Cone Conifer Forest and Woodland
Replacement Fire,11770_4,0.0249366,40,California Coastal Closed-Cone Conifer Forest and Woodland
Replacement Fire,11790_31,0.0023088,433,Northwestern Great Plains-Black Hills Ponderosa Pine Woodland and Savanna
Replacement Fire,11791_29_30,0.0033126,302,Northwestern Great Plains-Black Hills Ponderosa Pine Woodland and Savanna - Low Elevation Woodland
Replacement Fire,11792_29_30,0.0026772,374,Northwestern Great Plains-Black Hills Ponderosa Pine Woodland and Savanna - Savanna
Replacement Fire,13010_40,0.0120636,83,Boreal Aspen-Birch Forest
Replacement Fire,13020_40,0.0004724,2117,Laurentian-Acadian Northern Hardwoods Forest
Replacement Fire,13020_63,0.0004796,2085,Laurentian-Acadian Northern Hardwoods Forest
Replacement Fire,13020_64,0.0005004,1998,Laurentian-Acadian Northern Hardwoods Forest
Replacement Fire,13020_65_66,0.0009998,1000,Laurentian-Acadian Northern Hardwoods Forest
Replacement Fire,13022_41_50_51,0.000486,2058,Laurentian-Acadian Northern Hardwoods Forest - Hemlock
Replacement Fire,13023_51,0.0009718,1029,Laurentian-Acadian Northern Hardwoods Forest - Northern Sugar Maple-Basswood
Replacement Fire,13030_60,0.1419388,7,Northeastern Interior Dry-Mesic Oak Forest
Replacement Fire,13030_61_63_64_65_66,0.0264522,38,Northeastern Interior Dry-Mesic Oak Forest
Replacement Fire,13030_62,0.0257784,39,Northeastern Interior Dry-Mesic Oak Forest
Replacement Fire,13040_32_43_44_49,0.0051906,193,Ozark-Ouachita Dry-Mesic Oak Forest
Replacement Fire,13050_47_48,0.1808078,6,Southern Interior Low Plateau Dry-Mesic Oak Forest
Replacement Fire,13050_49,0.016897,59,Southern Interior Low Plateau Dry-Mesic Oak Forest
Replacement Fire,13050_53,0.5153608,2,Southern Interior Low Plateau Dry-Mesic Oak Forest
Replacement Fire,13060_47_48,0.0025706,389,East Gulf Coastal Plain Northern Loess Plain Oak-Hickory Upland
Replacement Fire,13070_46_47_48,0.0025766,388,East Gulf Coastal Plain Northern Dry Upland Hardwood Forest
Replacement Fire,13080_32_35,0.0063668,157,Crosstimbers Oak Forest and Woodland
Replacement Fire,13080_38_43_44,0.0063538,157,Crosstimbers Oak Forest and Woodland
Replacement Fire,13090_53_57,0.001479,676,Southern Appalachian Northern Hardwood Forest
Replacement Fire,13100_38_42_43,0.007943,126,North-Central Interior Dry-Mesic Oak Forest and Woodland
Replacement Fire,13100_39,0.008829,113,North-Central Interior Dry-Mesic Oak Forest and Woodland
Replacement Fire,13100_41_62,0.01337,75,North-Central Interior Dry-Mesic Oak Forest and Woodland
Replacement Fire,13100_44_50,0.0081646,122,North-Central Interior Dry-Mesic Oak Forest and Woodland
Replacement Fire,13100_47,0.006116,164,North-Central Interior Dry-Mesic Oak Forest and Woodland
Replacement Fire,13100_49,0.0136412,73,North-Central Interior Dry-Mesic Oak Forest and Woodland
Replacement Fire,13100_51,0.0062444,160,North-Central Interior Dry-Mesic Oak Forest and Woodland
Replacement Fire,13100_52,0.0132118,76,North-Central Interior Dry-Mesic Oak Forest and Woodland
Replacement Fire,13110_39,0.0130732,76,North-Central Interior Dry Oak Forest and Woodland
Replacement Fire,13110_42_43,0.0074034,135,North-Central Interior Dry Oak Forest and Woodland
Replacement Fire,13110_44,0.0095094,105,North-Central Interior Dry Oak Forest and Woodland
Replacement Fire,13110_49,0.0069716,143,North-Central Interior Dry Oak Forest and Woodland
Replacement Fire,13110_50,0.009416,106,North-Central Interior Dry Oak Forest and Woodland
Replacement Fire,13110_51,0.0073972,135,North-Central Interior Dry Oak Forest and Woodland
Replacement Fire,13110_52,0.006863,146,North-Central Interior Dry Oak Forest and Woodland
Replacement Fire,13120_44,0.0270132,37,Ouachita Montane Oak Forest
Replacement Fire,13130_47_50_51,0.0010134,987,North-Central Interior Beech-Maple Forest
Replacement Fire,13130_49_52_62,0.0009862,1014,North-Central Interior Beech-Maple Forest
Replacement Fire,13140_38_39_40_41_42_43_44_50,0.0009898,1010,North-Central Interior Maple-Basswood Forest
Replacement Fire,13140_49,0.0010166,984,North-Central Interior Maple-Basswood Forest
Replacement Fire,13150_48_53_57_59_61,0.0016616,602,Southern Appalachian Oak Forest
Replacement Fire,13160_54_57_59_61,0.001972,507,Southern Piedmont Mesic Forest
Replacement Fire,13160_60,0.001955,512,Southern Piedmont Mesic Forest
Replacement Fire,13170_48_53,0.0109936,91,Allegheny-Cumberland Dry Oak Forest and Woodland
Replacement Fire,13170_57_61,0.0082304,122,Allegheny-Cumberland Dry Oak Forest and Woodland
Replacement Fire,13170_62,0.0266182,38,Allegheny-Cumberland Dry Oak Forest and Woodland
Replacement Fire,13180_48_53,0.001779,562,Southern and Central Appalachian Cove Forest
Replacement Fire,13180_57_59_61,0.0009882,1012,Southern and Central Appalachian Cove Forest
Replacement Fire,13200_48_57_61,0.0069854,143,Central and Southern Appalachian Montane Oak Forest
Replacement Fire,13210_47_48_53_57,0.001169,855,South-Central Interior Mesophytic Forest
Replacement Fire,13210_49,0.001406,711,South-Central Interior Mesophytic Forest
Replacement Fire,13210_61_63,0.0012204,819,South-Central Interior Mesophytic Forest
Replacement Fire,13210_62,0.0010544,948,South-Central Interior Mesophytic Forest
Replacement Fire,13220_45,0.0021016,476,Southern Crowley`s Ridge Mesic Loess Slope Forest
Replacement Fire,13230_32_36_37_44_45_98,0.0037404,267,West Gulf Coastal Plain Mesic Hardwood Forest
Replacement Fire,13240_60_65_66,0.021585,46,Northern Atlantic Coastal Plain Hardwood Forest
Replacement Fire,13250_46_47_48,0.0024836,403,East Gulf Coastal Plain Northern Mesic Hardwood Slope Forest
Replacement Fire,13260_47,0.005308,188,South-Central Interior/Upper Coastal Plain Flatwoods
Replacement Fire,13260_49,0.0077934,128,South-Central Interior/Upper Coastal Plain Flatwoods
Replacement Fire,13270_45_46_47,0.002576,388,East Gulf Coastal Plain Northern Loess Bluff Forest
Replacement Fire,13280_46_99,0.0050532,198,East Gulf Coastal Plain Limestone Forest
Replacement Fire,13290_45_46_99,0.0047048,213,East Gulf Coastal Plain Southern Loess Bluff Forest
Replacement Fire,13300_46_48_54_55_56_99,0.0049992,200,Southern Coastal Plain Dry Upland Hardwood Forest
Replacement Fire,13310_39_40_41,0.0622862,16,Eastern Great Plains Tallgrass Aspen Parkland
Replacement Fire,13330_56,0.0056548,177,South Florida Hardwood Hammock
Replacement Fire,13340_32_43_44,0.0031572,317,Ozark-Ouachita Mesic Hardwood Forest
Replacement Fire,13350_55_58_60,0.0051036,196,Atlantic Coastal Plain Dry and Dry-Mesic Oak Forest
Replacement Fire,13380_36,0.0023226,431,Central and South Texas Coastal Fringe Forest and Woodland
Replacement Fire,13390_36_37_98,0.0110728,90,West Gulf Coastal Plain Chenier and Upper Texas Coastal Fringe Forest and Woodland
Replacement Fire,13420_59,0.0031836,314,Piedmont Hardpan Woodland and Forest
Replacement Fire,13430_54_55,0.0024578,407,Atlantic Coastal Plain Mesic Hardwood Forest
Replacement Fire,13430_58_60,0.0020444,489,Atlantic Coastal Plain Mesic Hardwood Forest
Replacement Fire,13440_41,0.0120962,83,Boreal Jack Pine-Black Spruce Forest
Replacement Fire,13440_66,0.0048178,208,Boreal Jack Pine-Black Spruce Forest
Replacement Fire,13441_51,0.029678,34,Boreal Jack Pine-Black Spruce Forest - Pine Barrens
Replacement Fire,13442_51,0.0091302,110,Boreal Jack Pine-Black Spruce Forest - Spruce-Fir
Replacement Fire,13460_54_55_58,0.0075832,132,Atlantic Coastal Plain Fall-line Sandhills Longleaf Pine Woodland
Replacement Fire,13470_55_58_60,0.007579,132,Atlantic Coastal Plain Upland Longleaf Pine Woodland
Replacement Fire,13480_37_45_98,0.0016386,610,West Gulf Coastal Plain Upland Longleaf Pine Forest and Woodland
Replacement Fire,13490_46_48_54_55_99,0.0086234,116,East Gulf Coastal Plain Interior Upland Longleaf Pine Woodland
Replacement Fire,13500_57,0.0009928,1007,Central and Southern Appalachian Spruce-Fir Forest
Replacement Fire,13500_61,0.0012058,829,Central and Southern Appalachian Spruce-Fir Forest
Replacement Fire,13510_48_54_59,0.0017598,568,Southeastern Interior Longleaf Pine Woodland
Replacement Fire,13520_53_54_57_59_60_61,0.0115042,87,Southern Appalachian Montane Pine Forest and Woodland
Replacement Fire,13530_46_48_53_54_57_59_60_61,0.0065374,153,Southern Appalachian Low-Elevation Pine Forest
Replacement Fire,13530_47,0.0099726,100,Southern Appalachian Low-Elevation Pine Forest
Replacement Fire,13540_64_66,0.0131354,76,Northeastern Interior Pine Barrens
Replacement Fire,13550_60_65,0.0131268,76,Northern Atlantic Coastal Plain Pitch Pine Barrens
Replacement Fire,13560_55_56_99,0.005404,185,Florida Longleaf Pine Sandhill
Replacement Fire,13570_46_47_55_58_99,0.0024378,410,Southern Coastal Plain Mesic Slope Forest
Replacement Fire,13580_35_36,0.0156718,64,East-Central Texas Plains Southern Pine Forest and Woodland
Replacement Fire,13600_56,0.0023682,422,South Florida Pine Rockland
Replacement Fire,13610_58_60,0.002763,362,Central Atlantic Coastal Plain Maritime Forest
Replacement Fire,13620_41_50,0.0028444,352,Laurentian-Acadian Northern Pine(-Oak) Forest
Replacement Fire,13620_51_63_64_65_66,0.0032196,311,Laurentian-Acadian Northern Pine(-Oak) Forest
Replacement Fire,13622_41_50,0.0043272,231,Laurentian-Acadian Northern Pine(-Oak) Forest - Pine Dominated
Replacement Fire,13630_47_53,0.0340464,29,Central Interior Highlands Dry Acidic Glade and Barrens
Replacement Fire,13640_32_44_49,0.0267478,37,Ozark-Ouachita Dry Oak Woodland
Replacement Fire,13651_40_41_50,0.004004,250,Boreal White Spruce-Fir-Hardwood Forest - Inland
Replacement Fire,13651_51,0.002028,493,Boreal White Spruce-Fir-Hardwood Forest - Inland
Replacement Fire,13652_41,0.0010714,933,Boreal White Spruce-Fir-Hardwood Forest - Coastal
Replacement Fire,13652_51,0.0011092,902,Boreal White Spruce-Fir-Hardwood Forest - Coastal
Replacement Fire,13653_41,0.0090754,110,Boreal White Spruce-Fir-Hardwood Forest - Aspen-Birch
Replacement Fire,13660_50,0.0021252,471,Laurentian-Acadian Pine-Hemlock-Hardwood Forest
Replacement Fire,13660_51_63_64_65_66,0.0020772,481,Laurentian-Acadian Pine-Hemlock-Hardwood Forest
Replacement Fire,13670_32_44,0.0028912,346,Ozark-Ouachita Shortleaf Pine-Oak Forest and Woodland
Replacement Fire,13680_46_48_54_57_59_60_61,0.0030756,325,Southern Piedmont Dry Oak(-Pine) Forest
Replacement Fire,13690_60_61_63_64_65_66,0.005519,181,Central Appalachian Dry Oak-Pine Forest
Replacement Fire,13700_53_61_62,0.0009954,1005,Appalachian (Hemlock-)Northern Hardwood Forest
Replacement Fire,13700_60_63_64_65_66,0.0009538,1048,Appalachian (Hemlock-)Northern Hardwood Forest
Replacement Fire,13710_32_36_37_45_98,0.008231,121,West Gulf Coastal Plain Pine-Hardwood Forest
Replacement Fire,13710_44,0.0083874,119,West Gulf Coastal Plain Pine-Hardwood Forest
Replacement Fire,13720_46_99,0.0052756,190,East Gulf Coastal Plain Interior Shortleaf Pine-Oak Forest
Replacement Fire,13730_63_64,0.0009286,1077,Acadian Low-Elevation Spruce-Fir-Hardwood Forest
Replacement Fire,13730_65_66,0.0009206,1086,Acadian Low-Elevation Spruce-Fir-Hardwood Forest
Replacement Fire,13740_64_65_66,0.0016634,601,Acadian-Appalachian Montane Spruce-Fir Forest
Replacement Fire,13750_60,0.011366,88,Eastern Serpentine Woodland
Replacement Fire,13760_48_53_57_61,0.0052824,189,Southern Ridge and Valley/Cumberland Dry Calcareous Forest
Replacement Fire,13770_60_61_63_64_65_66,0.0025292,395,Central Appalachian Pine-Oak Rocky Woodland
Replacement Fire,13780_37_44,0.0063656,157,West Gulf Coastal Plain Sandhill Oak and Shortleaf Pine Forest and Woodland
Replacement Fire,13790_60_65,0.0138486,72,Northern Atlantic Coastal Plain Maritime Forest
Replacement Fire,13800_55_99,0.0083814,119,East Gulf Coastal Plain Maritime Forest
Replacement Fire,13810_45,0.0030244,331,Lower Mississippi River Dune Woodland and Forest
Replacement Fire,13820_55_58,0.0142822,70,Southern Atlantic Coastal Plain Maritime Forest
Replacement Fire,13830_32_35_36,0.0679252,15,Edwards Plateau Limestone Savanna and Woodland
Replacement Fire,13840_98,0.0077964,128,Mississippi Delta Maritime Forest
Replacement Fire,13850_20,0.0215218,46,Western Great Plains Wooded Draw and Ravine
Replacement Fire,13850_29_30,0.0138884,72,Western Great Plains Wooded Draw and Ravine
Replacement Fire,13850_31_39_40_42,0.0110806,90,Western Great Plains Wooded Draw and Ravine
Replacement Fire,13870_55_56,0.030444,33,Florida Peninsula Inland Scrub
Replacement Fire,13890_64_66,0.0002768,3613,Acadian-Appalachian Subalpine Woodland and Heath-Krummholz
Replacement Fire,13900_35_36,0.065645,15,Tamaulipan Mixed Deciduous Thornscrub
Replacement Fire,13930_26_34,0.0204746,49,Edwards Plateau Limestone Shrubland
Replacement Fire,13930_32_35,0.0146648,68,Edwards Plateau Limestone Shrubland
Replacement Fire,13940_39_40_41,0.0019558,511,North-Central Interior Oak Savanna
Replacement Fire,13940_42,0.0018054,554,North-Central Interior Oak Savanna
Replacement Fire,13940_44_49,0.0017898,559,North-Central Interior Oak Savanna
Replacement Fire,13940_50_51,0.014665,68,North-Central Interior Oak Savanna
Replacement Fire,13940_52,0.001821,549,North-Central Interior Oak Savanna
Replacement Fire,13950_41_42_43_49_52,0.0028358,353,North-Central Oak Barrens
Replacement Fire,13950_50,0.0185936,54,North-Central Oak Barrens
Replacement Fire,13950_51,0.0206186,48,North-Central Oak Barrens
Replacement Fire,13970_48,0.0253656,39,Nashville Basin Limestone Glade and Woodland
Replacement Fire,14000_60_61,0.2083844,5,Central Appalachian Alkaline Glade and Woodland
Replacement Fire,14000_63,0.2041924,5,Central Appalachian Alkaline Glade and Woodland
Replacement Fire,14000_64,0.2056814,5,Central Appalachian Alkaline Glade and Woodland
Replacement Fire,14010_43_44_47_48_53,0.0529428,19,Central Interior Highlands Calcareous Glade and Barrens
Replacement Fire,14010_49,0.0527728,19,Central Interior Highlands Calcareous Glade and Barrens
Replacement Fire,14071_41_50_51,0.0091622,109,Laurentian Pine-Oak Barrens
Replacement Fire,14072_41_50_51,0.039829,25,Laurentian Pine-Oak Barrens - Jack Pine
Replacement Fire,14080_48,0.0526636,19,Alabama Ketona Glade and Woodland
Replacement Fire,14090_50_64,0.0023106,433,Great Lakes Alvar
Replacement Fire,14100_35,0.0598558,17,Llano Uplift Acidic Forest-Woodland-Glade
Replacement Fire,14110_49_51_52,0.0410286,24,Great Lakes Wet-Mesic Lakeplain Prairie
Replacement Fire,14120_39_40_41_42_43_50_51,0.2812866,4,North-Central Interior Sand and Gravel Tallgrass Prairie
Replacement Fire,14120_49,0.2793106,4,North-Central Interior Sand and Gravel Tallgrass Prairie
Replacement Fire,14120_52,0.278534,4,North-Central Interior Sand and Gravel Tallgrass Prairie
Replacement Fire,14130_47,0.0122966,81,Bluegrass Savanna and Woodland
Replacement Fire,14140_57,0.0036144,277,Southern Appalachian Grass and Shrub Bald
Replacement Fire,14151_44,0.4167336,2,Arkansas Valley Prairie and Woodland - Prairie
Replacement Fire,14152_44,0.010459,96,Arkansas Valley Prairie and Woodland - Woodland
Replacement Fire,14160_48,0.0251924,40,Western Highland Rim Prairie and Barrens
Replacement Fire,14170_48,0.0559,18,Eastern Highland Rim Prairie and Barrens
Replacement Fire,14180_47,0.6451424,2,Pennyroyal Karst Plain Prairie and Barrens
Replacement Fire,14200_39_40_42,0.1749512,6,Northern Tallgrass Prairie
Replacement Fire,14200_41,0.281598,4,Northern Tallgrass Prairie
Replacement Fire,14210_31_38_42_43_44_50_51,0.2824352,4,Central Tallgrass Prairie
Replacement Fire,14210_49_52,0.2820258,4,Central Tallgrass Prairie
Replacement Fire,14220_32_35_36_37,0.3638884,3,Southern Blackland Tallgrass Prairie
Replacement Fire,14230_32_35,0.5908376,2,Southeastern Great Plains Tallgrass Prairie
Replacement Fire,14230_38,0.3964124,3,Southeastern Great Plains Tallgrass Prairie
Replacement Fire,14230_43_44,0.5891642,2,Southeastern Great Plains Tallgrass Prairie
Replacement Fire,14250_56,0.4739854,2,Florida Dry Prairie
Replacement Fire,14260_58,0.1234534,8,Southern Atlantic Coastal Plain Dune and Maritime Grassland
Replacement Fire,14270_47,0.0543432,18,East Gulf Coastal Plain Jackson Plain Prairie and Barrens
Replacement Fire,14280_37_44,0.0007752,1290,West Gulf Coastal Plain Northern Calcareous Prairie
Replacement Fire,14290_37_45,0.2126622,5,West Gulf Coastal Plain Southern Calcareous Prairie
Replacement Fire,14300_46,0.0199504,50,Southern Coastal Plain Blackland Prairie and Woodland
Replacement Fire,14340_36,0.2911058,3,Texas-Louisiana Coastal Prairie
Replacement Fire,14340_37_98,0.2073062,5,Texas-Louisiana Coastal Prairie
Replacement Fire,14360_60,0.1257572,8,Northern Atlantic Coastal Plain Dune and Swale
Replacement Fire,14360_65_66,0.098776,10,Northern Atlantic Coastal Plain Dune and Swale
Replacement Fire,14370_36,0.3374874,3,Central and Upper Texas Coast Dune and Coastal Grassland
Replacement Fire,14380_36,0.1751682,6,Tamaulipan Savanna Grassland
Replacement Fire,14400_36,0.3296868,3,Tamaulipan Clay Grassland
Replacement Fire,14420_36,0.2461818,4,South Texas Sand Sheet Grassland
Replacement Fire,14450_56,0.0084048,119,South Florida Dwarf Cypress Savanna
Replacement Fire,14460_56,0.0204788,49,South Florida Pine Flatwoods
Replacement Fire,14470_56,0.0079868,125,South Florida Cypress Dome
Replacement Fire,14490_58_60,0.0109306,91,Central Atlantic Coastal Plain Wet Longleaf Pine Savanna and Flatwoods
Replacement Fire,14500_55_58,0.0098278,102,Southern Atlantic Coastal Plain Wet Pine Savanna and Flatwoods
Replacement Fire,14510_37_98,0.0069814,143,West Gulf Coastal Plain Wet Longleaf Pine Savanna and Flatwoods
Replacement Fire,14520_58_60,0.0722752,14,Atlantic Coastal Plain Peatland Pocosin and Canebrake
Replacement Fire,14530_55_56,0.0120622,83,Central Florida Pine Flatwoods
Replacement Fire,14540_55_56_99,0.0098404,102,East Gulf Coastal Plain Near-Coast Pine Flatwoods
Replacement Fire,14550_46_99,0.0129976,77,East Gulf Coastal Plain Southern Loblolly-Hardwood Flatwoods
Replacement Fire,14570_47_48,0.0051478,194,South-Central Interior/Upper Coastal Plain Wet Flatwoods
Replacement Fire,14570_49,0.0110792,90,South-Central Interior/Upper Coastal Plain Wet Flatwoods
Replacement Fire,14580_37_44_45_98,0.0055918,179,West Gulf Coastal Plain Pine-Hardwood Flatwoods
Replacement Fire,14590_58,0.0197924,51,Atlantic Coastal Plain Clay-Based Carolina Bay Wetland
Replacement Fire,14600_55_56_99,0.007987,125,Southern Coastal Plain Nonriverine Cypress Dome
Replacement Fire,14610_46_55_56_99,0.003356,298,Southern Coastal Plain Seepage Swamp and Baygall
Replacement Fire,14660_49,0.0003852,2596,Great Lakes Wooded Dune and Swale
Replacement Fire,14660_50_51,0.0002614,3826,Great Lakes Wooded Dune and Swale
Replacement Fire,14670_36,0.0171652,58,Tamaulipan Floodplain
Replacement Fire,14680_46_55_58_99,0.0170546,59,Atlantic Coastal Plain Streamhead Seepage Swamp-Pocosin-Baygall
Replacement Fire,14680_60,0.0101774,98,Atlantic Coastal Plain Streamhead Seepage Swamp-Pocosin-Baygall
Replacement Fire,14690_31_39_40_43,0.0019612,510,Eastern Great Plains Floodplain Systems
Replacement Fire,14690_38_42_49,0.0019738,507,Eastern Great Plains Floodplain Systems
Replacement Fire,14700_56,0.0080216,125,Caribbean Coastal Wetland Systems
Replacement Fire,14710_32_35,0.0055268,181,Central Interior and Appalachian Floodplain Systems
Replacement Fire,14710_47_48_53_54_57_59_60_61_63,0.0016388,610,Central Interior and Appalachian Floodplain Systems
Replacement Fire,14710_64_65,0.0016248,615,Central Interior and Appalachian Floodplain Systems
Replacement Fire,14712_44,0.0071444,140,Central Interior and Appalachian Floodplain Systems - Large Floodplains
Replacement Fire,14720_32_35,0.0055014,182,Central Interior and Appalachian Riparian Systems
Replacement Fire,14720_44_46_47_48,0.000984,1016,Central Interior and Appalachian Riparian Systems
Replacement Fire,14720_49,0.0009856,1015,Central Interior and Appalachian Riparian Systems
Replacement Fire,14720_53_54_57_59_60,0.0009838,1016,Central Interior and Appalachian Riparian Systems
Replacement Fire,14720_61_62_63,0.0010014,999,Central Interior and Appalachian Riparian Systems
Replacement Fire,14720_64_65_66,0.0009956,1004,Central Interior and Appalachian Riparian Systems
Replacement Fire,14730_32_37_44,0.0025616,390,Gulf and Atlantic Coastal Plain Floodplain Systems
Replacement Fire,14730_36,0.0025352,394,Gulf and Atlantic Coastal Plain Floodplain Systems
Replacement Fire,14730_45_46_47_98_99,0.0087298,115,Gulf and Atlantic Coastal Plain Floodplain Systems
Replacement Fire,14730_55_58_60,0.0088162,113,Gulf and Atlantic Coastal Plain Floodplain Systems
Replacement Fire,14740_32_37_44_45_98,0.0023532,425,Gulf and Atlantic Coastal Plain Small Stream Riparian Systems
Replacement Fire,14740_36,0.0053378,187,Gulf and Atlantic Coastal Plain Small Stream Riparian Systems
Replacement Fire,14740_46_47_48_55_56_58_60_99,0.0020994,476,Gulf and Atlantic Coastal Plain Small Stream Riparian Systems
Replacement Fire,14770_40_41_50_51,0.0014102,709,Boreal Acidic Peatland Systems
Replacement Fire,14770_63_64_65_66,0.0010806,925,Boreal Acidic Peatland Systems
Replacement Fire,14780_56,0.00073,1370,Caribbean Swamp Systems
Replacement Fire,14790_41_42_47_48_50_51_53,0.0009708,1030,Central Interior and Appalachian Swamp Systems
Replacement Fire,14790_52_62,0.0009982,1002,Central Interior and Appalachian Swamp Systems
Replacement Fire,14790_60_61_63_64_65_66,0.0009984,1002,Central Interior and Appalachian Swamp Systems
Replacement Fire,14800_36_37_44,0.0010004,1000,Gulf and Atlantic Coastal Plain Swamp Systems
Replacement Fire,14800_45_98,0.0009894,1011,Gulf and Atlantic Coastal Plain Swamp Systems
Replacement Fire,14810_41_50_51_63,0.000999,1001,Laurentian-Acadian Alkaline Conifer-Hardwood Swamp
Replacement Fire,14820_30,0.0199046,50,Great Plains Prairie Pothole
Replacement Fire,14820_39_40,0.0197828,51,Great Plains Prairie Pothole
Replacement Fire,14830_56,0.321889,3,South Florida Everglades Sawgrass Marsh
Replacement Fire,14850_55_99,0.0061486,163,East Gulf Coastal Plain Savanna and Wet Prairie
Replacement Fire,14860_36,0.255142,4,Texas-Louisiana Saline Coastal Prairie
Replacement Fire,14880_38_42_43,0.334843,3,Eastern Great Plains Wet Meadow-Prairie-Marsh
Replacement Fire,14890_55_56_99,0.186517,5,Floridian Highlands Freshwater Marsh
Replacement Fire,14900_36,0.0361734,28,Gulf and Atlantic Coastal Plain Tidal Marsh Systems
Replacement Fire,14900_37_98,0.0894114,11,Gulf and Atlantic Coastal Plain Tidal Marsh Systems
Replacement Fire,14900_55_56_58_99,0.1916848,5,Gulf and Atlantic Coastal Plain Tidal Marsh Systems
Replacement Fire,14900_60,0.1898152,5,Gulf and Atlantic Coastal Plain Tidal Marsh Systems
Replacement Fire,14900_65_66,0.0020332,492,Gulf and Atlantic Coastal Plain Tidal Marsh Systems
Replacement Fire,14930_41_42_44_50,0.0590382,17,Central Interior and Appalachian Shrub-Herbaceous Wetland Systems
Replacement Fire,14930_52_62,0.0580966,17,Central Interior and Appalachian Shrub-Herbaceous Wetland Systems
Replacement Fire,14940_41_50_51,0.0564512,18,Laurentian-Acadian Shrub-Herbaceous Wetland Systems
Replacement Fire,14940_63_65_66,0.0012218,818,Laurentian-Acadian Shrub-Herbaceous Wetland Systems
Replacement Fire,14940_64,0.0012476,802,Laurentian-Acadian Shrub-Herbaceous Wetland Systems
Replacement Fire,14950_20,0.0199142,50,Western Great Plains Depressional Wetland Systems
Replacement Fire,14950_27_33,0.0654144,15,Western Great Plains Depressional Wetland Systems
Replacement Fire,14950_30,0.0203984,49,Western Great Plains Depressional Wetland Systems
Replacement Fire,14950_31_39_40,0.0494932,20,Western Great Plains Depressional Wetland Systems
Replacement Fire,14950_35,0.1509874,7,Western Great Plains Depressional Wetland Systems
Replacement Fire,14950_36,0.3349046,3,Western Great Plains Depressional Wetland Systems
Replacement Fire,14950_38,0.0494972,20,Western Great Plains Depressional Wetland Systems
Replacement Fire,14951_26_34,0.1513782,7,Western Great Plains Depressional Wetland Systems - Playa
Replacement Fire,14952_34,0.0665422,15,Western Great Plains Depressional Wetland Systems - Saline
Replacement Fire,15010_58_60,0.0108936,92,Central Atlantic Coastal Plain Nonriverine Swamp and Wet Hardwood Forest
Replacement Fire,15030_25_27,0.0649492,15,Chihuahuan Loamy Plains Desert Grassland
Replacement Fire,15030_26,0.0629862,16,Chihuahuan Loamy Plains Desert Grassland
Replacement Fire,15040_25_27,0.100304,10,Chihuahuan-Sonoran Desert Bottomland and Swale Grassland
Replacement Fire,15040_32_35,0.0982644,10,Chihuahuan-Sonoran Desert Bottomland and Swale Grassland
Replacement Fire,15041_26_34,0.099625,10,Chihuahuan-Sonoran Desert Bottomland and Swale Grassland - Tobosa Grassland
Replacement Fire,15042_26_34,0.0699628,14,Chihuahuan-Sonoran Desert Bottomland and Swale Grassland - Alkali Sacaton
Replacement Fire,15060_37_44,0.0032356,309,West Gulf Coastal Plain Nonriverine Wet Hardwood Flatwoods
Replacement Fire,15070_44,0.0100024,100,Ozark-Ouachita Shortleaf Pine-Bluestem Woodland
Replacement Fire,15090_45_47,0.0020704,483,Mississippi River Alluvial Plain Dry-Mesic Loess Slope Forest
Replacement Fire,15100_45,0.007457,134,Northern Crowley`s Ridge Sand Forest
Replacement Fire,15130_45,0.002512,398,Lower Mississippi River Flatwoods
Replacement Fire,15170_42_49_50,0.0658394,15,Paleozoic Plateau Bluff and Talus
Replacement Fire,15180_43_47_49_52_62_63_64_65,0.0010006,999,North-Central Interior Wet Flatwoods
Replacement Fire,15190_32_35_36_37,0.0173464,58,East-Central Texas Plains Post Oak Savanna and Woodland
Replacement Fire,15230_32_35,0.0095754,104,Edwards Plateau Dry-Mesic Slope Forest and Woodland
Replacement Fire,15240_35,0.007249,138,Edwards Plateau Mesic Canyon
Replacement Fire,15250_35,0.0070002,143,Edwards Plateau Riparian
Replacement Fire,15260_64_65_66,0.0009616,1040,Laurentian-Acadian Swamp Systems
Replacement Fire,18100_79,0.0000664,15060,Hawaii Montane Rainforest
Replacement Fire,18130_79,0.0125422,80,Hawaii Lowland Dry Forest
Replacement Fire,18151_79,0.0002866,3489,Hawaii Montane-Subalpine Dry Forest and Woodland - Lava
Replacement Fire,18170_79,0.0125836,79,Hawaii Lowland Dry Shrubland
Surface Fire,10080_1_2_3_7,0.0730408,14,North Pacific Oak Woodland
Surface Fire,10110_15,0.0011856,843,Rocky Mountain Aspen Forest and Woodland
Surface Fire,10110_27,0.001193,838,Rocky Mountain Aspen Forest and Woodland
Surface Fire,10110_28,0.0011308,884,Rocky Mountain Aspen Forest and Woodland
Surface Fire,10130_31_38_39_40,0.0335256,30,Western Great Plains Dry Bur Oak Forest and Woodland
Surface Fire,10140_4_5,0.100288,10,Central and Southern California Mixed Evergreen Woodland
Surface Fire,10150_2_3_4,0.031092,32,California Coastal Redwood Forest
Surface Fire,10160_13_14,0.0013272,753,Colorado Plateau Pinyon-Juniper Woodland
Surface Fire,10160_15_28,0.0004608,2170,Colorado Plateau Pinyon-Juniper Woodland
Surface Fire,10160_16_23_24_25,0.0004606,2171,Colorado Plateau Pinyon-Juniper Woodland
Surface Fire,10160_17,0.0004574,2186,Colorado Plateau Pinyon-Juniper Woodland
Surface Fire,10160_22,0.0003118,3207,Colorado Plateau Pinyon-Juniper Woodland
Surface Fire,10180_1_7,0.0036338,275,East Cascades Mesic Montane Mixed-Conifer Forest and Woodland
Surface Fire,10190_13_14,0.0013024,768,Great Basin Pinyon-Juniper Woodland
Surface Fire,10190_15,0.0013222,756,Great Basin Pinyon-Juniper Woodland
Surface Fire,10190_4,0.0012524,798,Great Basin Pinyon-Juniper Woodland
Surface Fire,10200_13,0.0018848,531,Inter-Mountain Basins Subalpine Limber-Bristlecone Pine Woodland
Surface Fire,10200_6_9_12_17,0.0050352,199,Inter-Mountain Basins Subalpine Limber-Bristlecone Pine Woodland
Surface Fire,10210_2_3_6_7,0.0892432,11,Klamath-Siskiyou Lower Montane Serpentine Mixed Conifer Woodland
Surface Fire,10220_2_3_6_7,0.088047,11,Klamath-Siskiyou Upper Montane Serpentine Mixed Conifer Woodland
Surface Fire,10230_14_15_24_25,0.0299608,33,Madrean Encinal
Surface Fire,10240_14_15_24,0.0293628,34,Madrean Lower Montane Pine-Oak Forest and Woodland
Surface Fire,10240_25_27,0.092149,11,Madrean Lower Montane Pine-Oak Forest and Woodland
Surface Fire,10240_26,0.1046844,10,Madrean Lower Montane Pine-Oak Forest and Woodland
Surface Fire,10250_14_15_24_25_26,0.0094216,106,Madrean Pinyon-Juniper Woodland
Surface Fire,10260_15,0.0785282,13,Madrean Upper Montane Conifer-Oak Forest and Woodland
Surface Fire,10270_2_3_7,0.0843372,12,Mediterranean California Dry-Mesic Mixed Conifer Forest and Woodland
Surface Fire,10270_4_5_6,0.0565724,18,Mediterranean California Dry-Mesic Mixed Conifer Forest and Woodland
Surface Fire,10280_2_3,0.0387316,26,Mediterranean California Mesic Mixed Conifer Forest and Woodland
Surface Fire,10280_4_6_7_12,0.0303308,33,Mediterranean California Mesic Mixed Conifer Forest and Woodland
Surface Fire,10290_2_3_4_5_6_7_12,0.086412,12,Mediterranean California Mixed Oak Woodland
Surface Fire,10300_2_3_4_5_6_7,0.0666942,15,Mediterranean California Lower Montane Black Oak-Conifer Forest and Woodland
Surface Fire,10310_2_3_4_5_6_12,0.0897042,11,California Montane Jeffrey Pine(-Ponderosa Pine) Woodland
Surface Fire,10310_7,0.0388658,26,California Montane Jeffrey Pine(-Ponderosa Pine) Woodland
Surface Fire,10320_2_3_7,0.0174688,57,Mediterranean California Red Fir Forest
Surface Fire,10321_6,0.016764,60,Mediterranean California Red Fir Forest - Cascades
Surface Fire,10322_6,0.0126646,79,Mediterranean California Red Fir Forest - Southern Sierra
Surface Fire,10350_1_2_7,0.011137,90,North Pacific Dry Douglas-fir(-Madrone) Forest and Woodland
Surface Fire,10412_1_7,0.001015,985,North Pacific Mountain Hemlock Forest - Xeric
Surface Fire,10430_5,0.092345,11,Mediterranean California Mixed Evergreen Forest
Surface Fire,10431_2_3_6_7,0.042763,23,Mediterranean California Mixed Evergreen Forest - Interior
Surface Fire,10432_2_3,0.004022,249,Mediterranean California Mixed Evergreen Forest - Coastal
Surface Fire,10450_1_7_8_9,0.031115,32,Northern Rocky Mountain Dry-Mesic Montane Mixed Conifer Forest
Surface Fire,10450_21,0.0036082,277,Northern Rocky Mountain Dry-Mesic Montane Mixed Conifer Forest
Surface Fire,10451_10_19,0.0254624,39,Northern Rocky Mountain Dry-Mesic Montane Mixed Conifer Forest - Ponderosa Pine-Douglas-fir
Surface Fire,10451_20,0.0233812,43,Northern Rocky Mountain Dry-Mesic Montane Mixed Conifer Forest - Ponderosa Pine-Douglas-fir
Surface Fire,10452_10_19,0.0074326,135,Northern Rocky Mountain Dry-Mesic Montane Mixed Conifer Forest - Larch
Surface Fire,10454_20,0.0025854,387,Northern Rocky Mountain Dry-Mesic Montane Mixed Conifer Forest - Lodgepole Pine
Surface Fire,10460_18,0.017508,57,Northern Rocky Mountain Subalpine Woodland and Parkland
Surface Fire,10470_8_9,0.0029112,344,Northern Rocky Mountain Mesic Montane Mixed Conifer Forest
Surface Fire,10480_29,0.0220892,45,Northwestern Great Plains Highland White Spruce Woodland
Surface Fire,10500_16_23_28,0.0015616,640,Rocky Mountain Lodgepole Pine Forest
Surface Fire,10500_18,0.0015796,633,Rocky Mountain Lodgepole Pine Forest
Surface Fire,10510_15_16_17_22_23_24_25,0.0697628,14,Southern Rocky Mountain Dry-Mesic Montane Mixed Conifer Forest and Woodland
Surface Fire,10510_18_21,0.0708186,14,Southern Rocky Mountain Dry-Mesic Montane Mixed Conifer Forest and Woodland
Surface Fire,10510_27,0.0304346,33,Southern Rocky Mountain Dry-Mesic Montane Mixed Conifer Forest and Woodland
Surface Fire,10510_28,0.0321032,31,Southern Rocky Mountain Dry-Mesic Montane Mixed Conifer Forest and Woodland
Surface Fire,10510_29,0.0722564,14,Southern Rocky Mountain Dry-Mesic Montane Mixed Conifer Forest and Woodland
Surface Fire,10510_6,0.0696664,14,Southern Rocky Mountain Dry-Mesic Montane Mixed Conifer Forest and Woodland
Surface Fire,10520_12,0.0138062,72,Southern Rocky Mountain Mesic Montane Mixed Conifer Forest and Woodland
Surface Fire,10520_13,0.0154986,65,Southern Rocky Mountain Mesic Montane Mixed Conifer Forest and Woodland
Surface Fire,10520_15,0.013611,73,Southern Rocky Mountain Mesic Montane Mixed Conifer Forest and Woodland
Surface Fire,10520_16_23_24,0.0135146,74,Southern Rocky Mountain Mesic Montane Mixed Conifer Forest and Woodland
Surface Fire,10520_17,0.0135096,74,Southern Rocky Mountain Mesic Montane Mixed Conifer Forest and Woodland
Surface Fire,10520_18,0.0136774,73,Southern Rocky Mountain Mesic Montane Mixed Conifer Forest and Woodland
Surface Fire,10520_21,0.0135744,74,Southern Rocky Mountain Mesic Montane Mixed Conifer Forest and Woodland
Surface Fire,10520_25,0.014066,71,Southern Rocky Mountain Mesic Montane Mixed Conifer Forest and Woodland
Surface Fire,10520_27,0.0129294,77,Southern Rocky Mountain Mesic Montane Mixed Conifer Forest and Woodland
Surface Fire,10520_28,0.0064946,154,Southern Rocky Mountain Mesic Montane Mixed Conifer Forest and Woodland
Surface Fire,10530_10_19,0.057548,17,Northern Rocky Mountain Ponderosa Pine Woodland and Savanna
Surface Fire,10531_1_7_8_9,0.054542,18,Northern Rocky Mountain Ponderosa Pine Woodland and Savanna - Mesic
Surface Fire,10532_7_9,0.0073452,136,Northern Rocky Mountain Ponderosa Pine Woodland and Savanna - Xeric
Surface Fire,10540_13_14,0.0365628,27,Southern Rocky Mountain Ponderosa Pine Woodland
Surface Fire,10540_15_25,0.0965604,10,Southern Rocky Mountain Ponderosa Pine Woodland
Surface Fire,10540_16_23_24,0.0507098,20,Southern Rocky Mountain Ponderosa Pine Woodland
Surface Fire,10540_17,0.0368946,27,Southern Rocky Mountain Ponderosa Pine Woodland
Surface Fire,10540_20,0.0542376,18,Southern Rocky Mountain Ponderosa Pine Woodland
Surface Fire,10540_22,0.0526394,19,Southern Rocky Mountain Ponderosa Pine Woodland
Surface Fire,10540_26,0.0872434,11,Southern Rocky Mountain Ponderosa Pine Woodland
Surface Fire,10540_28,0.0413036,24,Southern Rocky Mountain Ponderosa Pine Woodland
Surface Fire,10540_29,0.049745,20,Southern Rocky Mountain Ponderosa Pine Woodland
Surface Fire,10540_33,0.0328988,30,Southern Rocky Mountain Ponderosa Pine Woodland
Surface Fire,10541_27,0.088724,11,Southern Rocky Mountain Ponderosa Pine Woodland - South
Surface Fire,10542_27,0.0322104,31,Southern Rocky Mountain Ponderosa Pine Woodland - North
Surface Fire,10570_12_16,0.0049564,202,Rocky Mountain Subalpine-Montane Limber-Bristlecone Pine Woodland
Surface Fire,10570_18,0.0050722,197,Rocky Mountain Subalpine-Montane Limber-Bristlecone Pine Woodland
Surface Fire,10570_23,0.0051218,195,Rocky Mountain Subalpine-Montane Limber-Bristlecone Pine Woodland
Surface Fire,10570_29,0.0009686,1032,Rocky Mountain Subalpine-Montane Limber-Bristlecone Pine Woodland
Surface Fire,10580_12,0.0022048,454,Sierra Nevada Subalpine Lodgepole Pine Forest and Woodland
Surface Fire,10580_4,0.006818,147,Sierra Nevada Subalpine Lodgepole Pine Forest and Woodland
Surface Fire,10580_7,0.0015506,645,Sierra Nevada Subalpine Lodgepole Pine Forest and Woodland
Surface Fire,10581_6,0.0021254,470,Sierra Nevada Subalpine Lodgepole Pine Forest and Woodland - Wet
Surface Fire,10582_6,0.0170898,59,Sierra Nevada Subalpine Lodgepole Pine Forest and Woodland - Dry
Surface Fire,10590_24_28,0.0005326,1878,Southern Rocky Mountain Pinyon-Juniper Woodland
Surface Fire,10590_25,0.0091588,109,Southern Rocky Mountain Pinyon-Juniper Woodland
Surface Fire,10590_26,0.0292698,34,Southern Rocky Mountain Pinyon-Juniper Woodland
Surface Fire,10590_27_33,0.0017466,573,Southern Rocky Mountain Pinyon-Juniper Woodland
Surface Fire,10600_1_2_7,0.031344,32,East Cascades Oak-Ponderosa Pine Forest and Woodland
Surface Fire,10610_15_25,0.0089478,112,Inter-Mountain Basins Aspen-Mixed Conifer Forest and Woodland
Surface Fire,10610_22_27_28,0.0080766,124,Inter-Mountain Basins Aspen-Mixed Conifer Forest and Woodland
Surface Fire,10610_6,0.0167714,60,Inter-Mountain Basins Aspen-Mixed Conifer Forest and Woodland
Surface Fire,10620_10_19_21_29_31,0.0043202,231,Inter-Mountain Basins Curl-leaf Mountain Mahogany Woodland and Shrubland
Surface Fire,10620_13,0.0042894,233,Inter-Mountain Basins Curl-leaf Mountain Mahogany Woodland and Shrubland
Surface Fire,10620_16_23,0.0042996,233,Inter-Mountain Basins Curl-leaf Mountain Mahogany Woodland and Shrubland
Surface Fire,10620_6_12_17_18,0.0041618,240,Inter-Mountain Basins Curl-leaf Mountain Mahogany Woodland and Shrubland
Surface Fire,10620_7_9,0.0041002,244,Inter-Mountain Basins Curl-leaf Mountain Mahogany Woodland and Shrubland
Surface Fire,10950_14,0.025154,40,Apacherian-Chihuahuan Mesquite Upland Scrub
Surface Fire,10950_15,0.0071028,141,Apacherian-Chihuahuan Mesquite Upland Scrub
Surface Fire,10950_25,0.0206234,48,Apacherian-Chihuahuan Mesquite Upland Scrub
Surface Fire,10950_26_35,0.0352134,28,Apacherian-Chihuahuan Mesquite Upland Scrub
Surface Fire,10950_27,0.0356936,28,Apacherian-Chihuahuan Mesquite Upland Scrub
Surface Fire,10980_7,0.0043236,231,California Montane Woodland and Chaparral
Surface Fire,11010_25,0.0358242,28,Madrean Oriental Chaparral
Surface Fire,11010_26,0.0357408,28,Madrean Oriental Chaparral
Surface Fire,11020_13_15_16_23_24,0.0078848,127,Colorado Plateau Pinyon-Juniper Shrubland
Surface Fire,11020_28,0.0004754,2103,Colorado Plateau Pinyon-Juniper Shrubland
Surface Fire,11040_15,0.0005036,1986,Mogollon Chaparral
Surface Fire,11110_26,0.0652962,15,Western Great Plains Mesquite Woodland and Shrubland
Surface Fire,11110_27_33,0.041206,24,Western Great Plains Mesquite Woodland and Shrubland
Surface Fire,11110_32_35,0.0410888,24,Western Great Plains Mesquite Woodland and Shrubland
Surface Fire,11110_34,0.0650368,15,Western Great Plains Mesquite Woodland and Shrubland
Surface Fire,11120_4_5,0.0717656,14,California Central Valley Mixed Oak Savanna
Surface Fire,11130_3,0.0376542,27,California Coastal Live Oak Woodland and Savanna
Surface Fire,11130_4,0.0380344,26,California Coastal Live Oak Woodland and Savanna
Surface Fire,11140_3_6_7,0.100625,10,California Lower Montane Blue Oak-Foothill Pine Woodland and Savanna
Surface Fire,11140_4_5,0.0722394,14,California Lower Montane Blue Oak-Foothill Pine Woodland and Savanna
Surface Fire,11150_10_19,0.0018236,548,Inter-Mountain Basins Juniper Savanna
Surface Fire,11150_13,0.0017628,567,Inter-Mountain Basins Juniper Savanna
Surface Fire,11150_14,0.0017822,561,Inter-Mountain Basins Juniper Savanna
Surface Fire,11150_15_16_23_24,0.0079214,126,Inter-Mountain Basins Juniper Savanna
Surface Fire,11150_17,0.0017766,563,Inter-Mountain Basins Juniper Savanna
Surface Fire,11150_21_22,0.0079608,126,Inter-Mountain Basins Juniper Savanna
Surface Fire,11150_28,0.0036194,276,Inter-Mountain Basins Juniper Savanna
Surface Fire,11160_15_25,0.009525,105,Madrean Juniper Savanna
Surface Fire,11160_24,0.0100702,99,Madrean Juniper Savanna
Surface Fire,11160_26,0.0215414,46,Madrean Juniper Savanna
Surface Fire,11170_13_15_28,0.08955,11,Southern Rocky Mountain Ponderosa Pine Savanna
Surface Fire,11170_16_23_24,0.1059188,9,Southern Rocky Mountain Ponderosa Pine Savanna
Surface Fire,11170_20,0.0570064,18,Southern Rocky Mountain Ponderosa Pine Savanna
Surface Fire,11170_29,0.0658824,15,Southern Rocky Mountain Ponderosa Pine Savanna
Surface Fire,11170_33,0.0515342,19,Southern Rocky Mountain Ponderosa Pine Savanna
Surface Fire,11171_27,0.0828902,12,Southern Rocky Mountain Ponderosa Pine Savanna - South
Surface Fire,11172_27,0.0502972,20,Southern Rocky Mountain Ponderosa Pine Savanna - North
Surface Fire,11180_4,0.0331158,30,Southern California Oak Woodland and Savanna
Surface Fire,11190_24_25,0.0310694,32,Southern Rocky Mountain Juniper Woodland and Savanna
Surface Fire,11190_26,0.0289126,35,Southern Rocky Mountain Juniper Woodland and Savanna
Surface Fire,11190_27,0.0306604,33,Southern Rocky Mountain Juniper Woodland and Savanna
Surface Fire,11190_28,0.0308436,32,Southern Rocky Mountain Juniper Woodland and Savanna
Surface Fire,11190_34,0.0113564,88,Southern Rocky Mountain Juniper Woodland and Savanna
Surface Fire,11200_1_2_7,0.0787336,13,Willamette Valley Upland Prairie and Savanna
Surface Fire,11210_14,0.0254084,39,Apacherian-Chihuahuan Semi-Desert Grassland and Steppe
Surface Fire,11210_15,0.0250022,40,Apacherian-Chihuahuan Semi-Desert Grassland and Steppe
Surface Fire,11210_24,0.0233116,43,Apacherian-Chihuahuan Semi-Desert Grassland and Steppe
Surface Fire,11320_31_38,0.0061982,161,Central Mixedgrass Prairie
Surface Fire,11320_32_34_35,0.048404,21,Central Mixedgrass Prairie
Surface Fire,11420_8,0.0156906,64,Columbia Basin Palouse Prairie
Surface Fire,11460_15_16_23_24_25_28,0.0483686,21,Southern Rocky Mountain Montane-Subalpine Grassland
Surface Fire,11480_31_38,0.083325,12,Western Great Plains Sand Prairie
Surface Fire,11480_32,0.0049774,201,Western Great Plains Sand Prairie
Surface Fire,11500_31_39_40,0.0040696,246,Western Great Plains Tallgrass Prairie
Surface Fire,11500_38,0.0029708,337,Western Great Plains Tallgrass Prairie
Surface Fire,11590_15,0.1327698,8,Rocky Mountain Montane Riparian Systems
Surface Fire,11590_16_23_24_26,0.0129418,77,Rocky Mountain Montane Riparian Systems
Surface Fire,11590_22,0.0125202,80,Rocky Mountain Montane Riparian Systems
Surface Fire,11590_25,0.0125416,80,Rocky Mountain Montane Riparian Systems
Surface Fire,11590_27_33,0.0125538,80,Rocky Mountain Montane Riparian Systems
Surface Fire,11590_28,0.0124332,80,Rocky Mountain Montane Riparian Systems
Surface Fire,11600_12_17,0.0124044,81,Rocky Mountain Subalpine/Upper Montane Riparian Systems
Surface Fire,11600_15_28,0.0126064,79,Rocky Mountain Subalpine/Upper Montane Riparian Systems
Surface Fire,11600_16,0.0123,81,Rocky Mountain Subalpine/Upper Montane Riparian Systems
Surface Fire,11600_18,0.0088564,113,Rocky Mountain Subalpine/Upper Montane Riparian Systems
Surface Fire,11600_23,0.0128652,78,Rocky Mountain Subalpine/Upper Montane Riparian Systems
Surface Fire,11620_20,0.0041244,242,Western Great Plains Floodplain Systems
Surface Fire,11620_29_30,0.0039046,256,Western Great Plains Floodplain Systems
Surface Fire,11620_31_39_40,0.0050648,197,Western Great Plains Floodplain Systems
Surface Fire,11620_32_35,0.0690628,14,Western Great Plains Floodplain Systems
Surface Fire,11620_38,0.0050606,198,Western Great Plains Floodplain Systems
Surface Fire,11650_1_7_8,0.0079348,126,Northern Rocky Mountain Foothill Conifer Wooded Steppe
Surface Fire,11650_9,0.0435392,23,Northern Rocky Mountain Foothill Conifer Wooded Steppe
Surface Fire,11660_22,0.0072,139,Middle Rocky Mountain Montane Douglas-fir Forest and Woodland
Surface Fire,11660_29,0.04023,25,Middle Rocky Mountain Montane Douglas-fir Forest and Woodland
Surface Fire,11660_9_10_19,0.0092982,108,Middle Rocky Mountain Montane Douglas-fir Forest and Woodland
Surface Fire,11662_19,0.0432608,23,Middle Rocky Mountain Montane Douglas-fir Forest and Woodland - Fire-maintained Savanna
Surface Fire,11700_2_3_7,0.0713584,14,Klamath-Siskiyou Xeromorphic Serpentine Savanna and Chaparral
Surface Fire,11720_7,0.0220576,45,Sierran-Intermontane Desert Western White Pine-White Fir Woodland
Surface Fire,11770_3,0.0117596,85,California Coastal Closed-Cone Conifer Forest and Woodland
Surface Fire,11790_31,0.0586332,17,Northwestern Great Plains-Black Hills Ponderosa Pine Woodland and Savanna
Surface Fire,11791_29_30,0.050565,20,Northwestern Great Plains-Black Hills Ponderosa Pine Woodland and Savanna - Low Elevation Woodland
Surface Fire,11792_29_30,0.0641948,16,Northwestern Great Plains-Black Hills Ponderosa Pine Woodland and Savanna - Savanna
Surface Fire,13030_60,0.068407,15,Northeastern Interior Dry-Mesic Oak Forest
Surface Fire,13030_61_63_64_65_66,0.115684,9,Northeastern Interior Dry-Mesic Oak Forest
Surface Fire,13030_62,0.129804,8,Northeastern Interior Dry-Mesic Oak Forest
Surface Fire,13040_32_43_44_49,0.0658922,15,Ozark-Ouachita Dry-Mesic Oak Forest
Surface Fire,13050_47_48,0.0467418,21,Southern Interior Low Plateau Dry-Mesic Oak Forest
Surface Fire,13050_49,0.1113622,9,Southern Interior Low Plateau Dry-Mesic Oak Forest
Surface Fire,13050_53,0.0636994,16,Southern Interior Low Plateau Dry-Mesic Oak Forest
Surface Fire,13060_47_48,0.1056488,9,East Gulf Coastal Plain Northern Loess Plain Oak-Hickory Upland
Surface Fire,13070_46_47_48,0.1141634,9,East Gulf Coastal Plain Northern Dry Upland Hardwood Forest
Surface Fire,13080_32_35,0.1892928,5,Crosstimbers Oak Forest and Woodland
Surface Fire,13080_38_43_44,0.1876866,5,Crosstimbers Oak Forest and Woodland
Surface Fire,13090_53_57,0.0030568,327,Southern Appalachian Northern Hardwood Forest
Surface Fire,13100_38_42_43,0.0129838,77,North-Central Interior Dry-Mesic Oak Forest and Woodland
Surface Fire,13100_39,0.0214078,47,North-Central Interior Dry-Mesic Oak Forest and Woodland
Surface Fire,13100_41_62,0.0437836,23,North-Central Interior Dry-Mesic Oak Forest and Woodland
Surface Fire,13100_44_50,0.0132758,75,North-Central Interior Dry-Mesic Oak Forest and Woodland
Surface Fire,13100_47,0.095414,10,North-Central Interior Dry-Mesic Oak Forest and Woodland
Surface Fire,13100_49,0.0442382,23,North-Central Interior Dry-Mesic Oak Forest and Woodland
Surface Fire,13100_51,0.0952858,10,North-Central Interior Dry-Mesic Oak Forest and Woodland
Surface Fire,13100_52,0.043358,23,North-Central Interior Dry-Mesic Oak Forest and Woodland
Surface Fire,13110_39,0.0535982,19,North-Central Interior Dry Oak Forest and Woodland
Surface Fire,13110_42_43,0.092612,11,North-Central Interior Dry Oak Forest and Woodland
Surface Fire,13110_44,0.0518462,19,North-Central Interior Dry Oak Forest and Woodland
Surface Fire,13110_49,0.0932252,11,North-Central Interior Dry Oak Forest and Woodland
Surface Fire,13110_50,0.051256,20,North-Central Interior Dry Oak Forest and Woodland
Surface Fire,13110_51,0.0941492,11,North-Central Interior Dry Oak Forest and Woodland
Surface Fire,13110_52,0.0924378,11,North-Central Interior Dry Oak Forest and Woodland
Surface Fire,13120_44,0.1688648,6,Ouachita Montane Oak Forest
Surface Fire,13130_47_50_51,0.0012282,814,North-Central Interior Beech-Maple Forest
Surface Fire,13130_49_52_62,0.0012038,831,North-Central Interior Beech-Maple Forest
Surface Fire,13140_38_39_40_41_42_43_44_50,0.0011924,839,North-Central Interior Maple-Basswood Forest
Surface Fire,13140_49,0.0012214,819,North-Central Interior Maple-Basswood Forest
Surface Fire,13150_48_53_57_59_61,0.0634826,16,Southern Appalachian Oak Forest
Surface Fire,13160_54_57_59_61,0.0189112,53,Southern Piedmont Mesic Forest
Surface Fire,13160_60,0.0187608,53,Southern Piedmont Mesic Forest
Surface Fire,13170_48_53,0.1630162,6,Allegheny-Cumberland Dry Oak Forest and Woodland
Surface Fire,13170_57_61,0.067394,15,Allegheny-Cumberland Dry Oak Forest and Woodland
Surface Fire,13170_62,0.0949674,11,Allegheny-Cumberland Dry Oak Forest and Woodland
Surface Fire,13180_48_53,0.011169,90,Southern and Central Appalachian Cove Forest
Surface Fire,13180_57_59_61,0.0099514,100,Southern and Central Appalachian Cove Forest
Surface Fire,13200_48_57_61,0.0310826,32,Central and Southern Appalachian Montane Oak Forest
Surface Fire,13210_47_48_53_57,0.0117732,85,South-Central Interior Mesophytic Forest
Surface Fire,13210_49,0.001862,537,South-Central Interior Mesophytic Forest
Surface Fire,13210_61_63,0.0098304,102,South-Central Interior Mesophytic Forest
Surface Fire,13210_62,0.0029064,344,South-Central Interior Mesophytic Forest
Surface Fire,13220_45,0.0114954,87,Southern Crowley`s Ridge Mesic Loess Slope Forest
Surface Fire,13230_32_36_37_44_45_98,0.0431948,23,West Gulf Coastal Plain Mesic Hardwood Forest
Surface Fire,13240_60_65_66,0.239459,4,Northern Atlantic Coastal Plain Hardwood Forest
Surface Fire,13250_46_47_48,0.0193104,52,East Gulf Coastal Plain Northern Mesic Hardwood Slope Forest
Surface Fire,13260_47,0.1960808,5,South-Central Interior/Upper Coastal Plain Flatwoods
Surface Fire,13260_49,0.06051,17,South-Central Interior/Upper Coastal Plain Flatwoods
Surface Fire,13270_45_46_47,0.0066184,151,East Gulf Coastal Plain Northern Loess Bluff Forest
Surface Fire,13280_46_99,0.1292934,8,East Gulf Coastal Plain Limestone Forest
Surface Fire,13290_45_46_99,0.0147208,68,East Gulf Coastal Plain Southern Loess Bluff Forest
Surface Fire,13300_46_48_54_55_56_99,0.129012,8,Southern Coastal Plain Dry Upland Hardwood Forest
Surface Fire,13310_39_40_41,0.116715,9,Eastern Great Plains Tallgrass Aspen Parkland
Surface Fire,13340_32_43_44,0.039726,25,Ozark-Ouachita Mesic Hardwood Forest
Surface Fire,13350_55_58_60,0.1294824,8,Atlantic Coastal Plain Dry and Dry-Mesic Oak Forest
Surface Fire,13360_56,0.0985046,10,Southwest Florida Coastal Strand and Maritime Hammock
Surface Fire,13370_56,0.0644386,16,Southeast Florida Coastal Strand and Maritime Hammock
Surface Fire,13390_36_37_98,0.0421348,24,West Gulf Coastal Plain Chenier and Upper Texas Coastal Fringe Forest and Woodland
Surface Fire,13420_59,0.199944,5,Piedmont Hardpan Woodland and Forest
Surface Fire,13430_54_55,0.0191102,52,Atlantic Coastal Plain Mesic Hardwood Forest
Surface Fire,13430_58_60,0.0230098,43,Atlantic Coastal Plain Mesic Hardwood Forest
Surface Fire,13441_51,0.147684,7,Boreal Jack Pine-Black Spruce Forest - Pine Barrens
Surface Fire,13460_54_55_58,0.2322748,4,Atlantic Coastal Plain Fall-line Sandhills Longleaf Pine Woodland
Surface Fire,13470_55_58_60,0.2321726,4,Atlantic Coastal Plain Upland Longleaf Pine Woodland
Surface Fire,13480_37_45_98,0.2780762,4,West Gulf Coastal Plain Upland Longleaf Pine Forest and Woodland
Surface Fire,13490_46_48_54_55_99,0.2870278,3,East Gulf Coastal Plain Interior Upland Longleaf Pine Woodland
Surface Fire,13510_48_54_59,0.3257014,3,Southeastern Interior Longleaf Pine Woodland
Surface Fire,13520_53_54_57_59_60_61,0.18644,5,Southern Appalachian Montane Pine Forest and Woodland
Surface Fire,13530_46_48_53_54_57_59_60_61,0.1115198,9,Southern Appalachian Low-Elevation Pine Forest
Surface Fire,13530_47,0.4783028,2,Southern Appalachian Low-Elevation Pine Forest
Surface Fire,13540_64_66,0.0855604,12,Northeastern Interior Pine Barrens
Surface Fire,13550_60_65,0.0861502,12,Northern Atlantic Coastal Plain Pitch Pine Barrens
Surface Fire,13560_55_56_99,0.4022978,2,Florida Longleaf Pine Sandhill
Surface Fire,13570_46_47_55_58_99,0.0192876,52,Southern Coastal Plain Mesic Slope Forest
Surface Fire,13580_35_36,0.1337996,7,East-Central Texas Plains Southern Pine Forest and Woodland
Surface Fire,13600_56,0.2765462,4,South Florida Pine Rockland
Surface Fire,13610_58_60,0.0087046,115,Central Atlantic Coastal Plain Maritime Forest
Surface Fire,13620_41_50,0.0856478,12,Laurentian-Acadian Northern Pine(-Oak) Forest
Surface Fire,13620_51_63_64_65_66,0.0150754,66,Laurentian-Acadian Northern Pine(-Oak) Forest
Surface Fire,13622_41_50,0.025088,40,Laurentian-Acadian Northern Pine(-Oak) Forest - Pine Dominated
Surface Fire,13630_47_53,0.1319758,8,Central Interior Highlands Dry Acidic Glade and Barrens
Surface Fire,13640_32_44_49,0.1665512,6,Ozark-Ouachita Dry Oak Woodland
Surface Fire,13660_50,0.0034608,289,Laurentian-Acadian Pine-Hemlock-Hardwood Forest
Surface Fire,13660_51_63_64_65_66,0.0033762,296,Laurentian-Acadian Pine-Hemlock-Hardwood Forest
Surface Fire,13670_32_44,0.201622,5,Ozark-Ouachita Shortleaf Pine-Oak Forest and Woodland
Surface Fire,13680_46_48_54_57_59_60_61,0.1835178,5,Southern Piedmont Dry Oak(-Pine) Forest
Surface Fire,13690_60_61_63_64_65_66,0.0651624,15,Central Appalachian Dry Oak-Pine Forest
Surface Fire,13710_32_36_37_45_98,0.1986268,5,West Gulf Coastal Plain Pine-Hardwood Forest
Surface Fire,13710_44,0.1996402,5,West Gulf Coastal Plain Pine-Hardwood Forest
Surface Fire,13720_46_99,0.131009,8,East Gulf Coastal Plain Interior Shortleaf Pine-Oak Forest
Surface Fire,13750_60,0.1857598,5,Eastern Serpentine Woodland
Surface Fire,13760_48_53_57_61,0.126974,8,Southern Ridge and Valley/Cumberland Dry Calcareous Forest
Surface Fire,13770_60_61_63_64_65_66,0.000225,4444,Central Appalachian Pine-Oak Rocky Woodland
Surface Fire,13780_37_44,0.196939,5,West Gulf Coastal Plain Sandhill Oak and Shortleaf Pine Forest and Woodland
Surface Fire,13790_60_65,0.1183446,8,Northern Atlantic Coastal Plain Maritime Forest
Surface Fire,13800_55_99,0.0282414,35,East Gulf Coastal Plain Maritime Forest
Surface Fire,13810_45,0.2194348,5,Lower Mississippi River Dune Woodland and Forest
Surface Fire,13820_55_58,0.0686956,15,Southern Atlantic Coastal Plain Maritime Forest
Surface Fire,13830_32_35_36,0.07099,14,Edwards Plateau Limestone Savanna and Woodland
Surface Fire,13840_98,0.219949,5,Mississippi Delta Maritime Forest
Surface Fire,13850_20,0.012041,83,Western Great Plains Wooded Draw and Ravine
Surface Fire,13850_29_30,0.0126238,79,Western Great Plains Wooded Draw and Ravine
Surface Fire,13850_31_39_40_42,0.004321,231,Western Great Plains Wooded Draw and Ravine
Surface Fire,13890_64_66,0.000238,4202,Acadian-Appalachian Subalpine Woodland and Heath-Krummholz
Surface Fire,13930_26_34,0.0169272,59,Edwards Plateau Limestone Shrubland
Surface Fire,13940_39_40_41,0.1992284,5,North-Central Interior Oak Savanna
Surface Fire,13940_42,0.195903,5,North-Central Interior Oak Savanna
Surface Fire,13940_44_49,0.1871186,5,North-Central Interior Oak Savanna
Surface Fire,13940_50_51,0.1830998,5,North-Central Interior Oak Savanna
Surface Fire,13940_52,0.1894116,5,North-Central Interior Oak Savanna
Surface Fire,13950_41_42_43_49_52,0.1945376,5,North-Central Oak Barrens
Surface Fire,13950_50,0.1804358,6,North-Central Oak Barrens
Surface Fire,13950_51,0.1820404,5,North-Central Oak Barrens
Surface Fire,13970_48,0.1867442,5,Nashville Basin Limestone Glade and Woodland
Surface Fire,14000_60_61,0.000654,1529,Central Appalachian Alkaline Glade and Woodland
Surface Fire,14000_63,0.0006668,1500,Central Appalachian Alkaline Glade and Woodland
Surface Fire,14000_64,0.000676,1479,Central Appalachian Alkaline Glade and Woodland
Surface Fire,14010_43_44_47_48_53,0.1833628,5,Central Interior Highlands Calcareous Glade and Barrens
Surface Fire,14010_49,0.1827184,5,Central Interior Highlands Calcareous Glade and Barrens
Surface Fire,14071_41_50_51,0.2054626,5,Laurentian Pine-Oak Barrens
Surface Fire,14072_41_50_51,0.0567286,18,Laurentian Pine-Oak Barrens - Jack Pine
Surface Fire,14080_48,0.181881,5,Alabama Ketona Glade and Woodland
Surface Fire,14100_35,0.10237,10,Llano Uplift Acidic Forest-Woodland-Glade
Surface Fire,14120_39_40_41_42_43_50_51,0.011561,86,North-Central Interior Sand and Gravel Tallgrass Prairie
Surface Fire,14120_49,0.0114148,88,North-Central Interior Sand and Gravel Tallgrass Prairie
Surface Fire,14120_52,0.0114124,88,North-Central Interior Sand and Gravel Tallgrass Prairie
Surface Fire,14130_47,0.0160514,62,Bluegrass Savanna and Woodland
Surface Fire,14151_44,0.084515,12,Arkansas Valley Prairie and Woodland - Prairie
Surface Fire,14152_44,0.4005214,2,Arkansas Valley Prairie and Woodland - Woodland
Surface Fire,14160_48,0.053746,19,Western Highland Rim Prairie and Barrens
Surface Fire,14170_48,0.0851224,12,Eastern Highland Rim Prairie and Barrens
Surface Fire,14180_47,0.0470024,21,Pennyroyal Karst Plain Prairie and Barrens
Surface Fire,14220_32_35_36_37,0.0286796,35,Southern Blackland Tallgrass Prairie
Surface Fire,14230_32_35,0.0020558,486,Southeastern Great Plains Tallgrass Prairie
Surface Fire,14230_38,0.0020232,494,Southeastern Great Plains Tallgrass Prairie
Surface Fire,14230_43_44,0.0020218,495,Southeastern Great Plains Tallgrass Prairie
Surface Fire,14250_56,0.0543736,18,Florida Dry Prairie
Surface Fire,14270_47,0.0827584,12,East Gulf Coastal Plain Jackson Plain Prairie and Barrens
Surface Fire,14280_37_44,0.1376028,7,West Gulf Coastal Plain Northern Calcareous Prairie
Surface Fire,14290_37_45,0.0367316,27,West Gulf Coastal Plain Southern Calcareous Prairie
Surface Fire,14300_46,0.0103468,97,Southern Coastal Plain Blackland Prairie and Woodland
Surface Fire,14320_45,0.003302,303,Lower Mississippi Alluvial Plain Grand Prairie
Surface Fire,14440_41_50_51,0.0032354,309,Eastern Boreal Floodplain
Surface Fire,14450_56,0.0281048,36,South Florida Dwarf Cypress Savanna
Surface Fire,14460_56,0.2990068,3,South Florida Pine Flatwoods
Surface Fire,14470_56,0.1010404,10,South Florida Cypress Dome
Surface Fire,14490_58_60,0.3058766,3,Central Atlantic Coastal Plain Wet Longleaf Pine Savanna and Flatwoods
Surface Fire,14500_55_58,0.305311,3,Southern Atlantic Coastal Plain Wet Pine Savanna and Flatwoods
Surface Fire,14510_37_98,0.401321,2,West Gulf Coastal Plain Wet Longleaf Pine Savanna and Flatwoods
Surface Fire,14530_55_56,0.4036752,2,Central Florida Pine Flatwoods
Surface Fire,14540_55_56_99,0.3067562,3,East Gulf Coastal Plain Near-Coast Pine Flatwoods
Surface Fire,14550_46_99,0.1245628,8,East Gulf Coastal Plain Southern Loblolly-Hardwood Flatwoods
Surface Fire,14570_47_48,0.112611,9,South-Central Interior/Upper Coastal Plain Wet Flatwoods
Surface Fire,14570_49,0.0756796,13,South-Central Interior/Upper Coastal Plain Wet Flatwoods
Surface Fire,14580_37_44_45_98,0.1990048,5,West Gulf Coastal Plain Pine-Hardwood Flatwoods
Surface Fire,14590_58,0.0714518,14,Atlantic Coastal Plain Clay-Based Carolina Bay Wetland
Surface Fire,14600_55_56_99,0.1013346,10,Southern Coastal Plain Nonriverine Cypress Dome
Surface Fire,14670_36,0.0243918,41,Tamaulipan Floodplain
Surface Fire,14680_46_55_58_99,0.0620168,16,Atlantic Coastal Plain Streamhead Seepage Swamp-Pocosin-Baygall
Surface Fire,14680_60,0.074249,13,Atlantic Coastal Plain Streamhead Seepage Swamp-Pocosin-Baygall
Surface Fire,14690_31_39_40_43,0.0056576,177,Eastern Great Plains Floodplain Systems
Surface Fire,14690_38_42_49,0.0056562,177,Eastern Great Plains Floodplain Systems
Surface Fire,14710_32_35,0.0327008,31,Central Interior and Appalachian Floodplain Systems
Surface Fire,14710_41_50,0.0150538,66,Central Interior and Appalachian Floodplain Systems
Surface Fire,14710_47_48_53_54_57_59_60_61_63,0.0084714,118,Central Interior and Appalachian Floodplain Systems
Surface Fire,14710_49_52,0.0148636,67,Central Interior and Appalachian Floodplain Systems
Surface Fire,14710_51_62,0.0145488,69,Central Interior and Appalachian Floodplain Systems
Surface Fire,14710_64_65,0.0082466,121,Central Interior and Appalachian Floodplain Systems
Surface Fire,14712_44,0.0100336,100,Central Interior and Appalachian Floodplain Systems - Large Floodplains
Surface Fire,14720_32_35,0.0330112,30,Central Interior and Appalachian Riparian Systems
Surface Fire,14720_44_46_47_48,0.004936,203,Central Interior and Appalachian Riparian Systems
Surface Fire,14720_49,0.0049966,200,Central Interior and Appalachian Riparian Systems
Surface Fire,14720_53_54_57_59_60,0.0050664,197,Central Interior and Appalachian Riparian Systems
Surface Fire,14720_61_62_63,0.00502,199,Central Interior and Appalachian Riparian Systems
Surface Fire,14720_64_65_66,0.004963,201,Central Interior and Appalachian Riparian Systems
Surface Fire,14730_32_37_44,0.02024,49,Gulf and Atlantic Coastal Plain Floodplain Systems
Surface Fire,14730_36,0.0199864,50,Gulf and Atlantic Coastal Plain Floodplain Systems
Surface Fire,14730_45_46_47_98_99,0.0100152,100,Gulf and Atlantic Coastal Plain Floodplain Systems
Surface Fire,14730_55_58_60,0.0100328,100,Gulf and Atlantic Coastal Plain Floodplain Systems
Surface Fire,14740_32_37_44_45_98,0.0200684,50,Gulf and Atlantic Coastal Plain Small Stream Riparian Systems
Surface Fire,14740_36,0.1003852,10,Gulf and Atlantic Coastal Plain Small Stream Riparian Systems
Surface Fire,14740_46_47_48_55_56_58_60_99,0.0077594,129,Gulf and Atlantic Coastal Plain Small Stream Riparian Systems
Surface Fire,14750_41_50_51_63_64_65_66,0.0147688,68,Laurentian-Acadian Floodplain Systems
Surface Fire,14760_36,0.0318802,31,Tamaulipan Riparian Systems
Surface Fire,14770_40_41_50_51,0.0082316,121,Boreal Acidic Peatland Systems
Surface Fire,14770_63_64_65_66,0.0057966,173,Boreal Acidic Peatland Systems
Surface Fire,14790_60_61_63_64_65_66,0.0007632,1310,Central Interior and Appalachian Swamp Systems
Surface Fire,14800_36_37_44,0.0014644,683,Gulf and Atlantic Coastal Plain Swamp Systems
Surface Fire,14800_45_98,0.001481,675,Gulf and Atlantic Coastal Plain Swamp Systems
Surface Fire,14800_46_56_58_60_64_65_66,0.0045436,220,Gulf and Atlantic Coastal Plain Swamp Systems
Surface Fire,14800_47,0.0044552,224,Gulf and Atlantic Coastal Plain Swamp Systems
Surface Fire,14800_55_99,0.0045442,220,Gulf and Atlantic Coastal Plain Swamp Systems
Surface Fire,14830_56,0.0133852,75,South Florida Everglades Sawgrass Marsh
Surface Fire,14850_55_99,0.340292,3,East Gulf Coastal Plain Savanna and Wet Prairie
Surface Fire,15042_26_34,0.0133198,75,Chihuahuan-Sonoran Desert Bottomland and Swale Grassland - Alkali Sacaton
Surface Fire,15060_37_44,0.026497,38,West Gulf Coastal Plain Nonriverine Wet Hardwood Flatwoods
Surface Fire,15070_44,0.4785216,2,Ozark-Ouachita Shortleaf Pine-Bluestem Woodland
Surface Fire,15090_45_47,0.011167,90,Mississippi River Alluvial Plain Dry-Mesic Loess Slope Forest
Surface Fire,15100_45,0.1787702,6,Northern Crowley`s Ridge Sand Forest
Surface Fire,15130_45,0.0104606,96,Lower Mississippi River Flatwoods
Surface Fire,15170_42_49_50,0.0098634,101,Paleozoic Plateau Bluff and Talus
Surface Fire,15190_32_35_36_37,0.1888662,5,East-Central Texas Plains Post Oak Savanna and Woodland
Surface Fire,15230_32_35,0.0330412,30,Edwards Plateau Dry-Mesic Slope Forest and Woodland
Surface Fire,15240_35,0.0094052,106,Edwards Plateau Mesic Canyon
Surface Fire,15250_35,0.0330392,30,Edwards Plateau Riparian
Surface Fire,18170_79,0.0697582,14,Hawaii Lowland Dry Shrubland
Surface Fire,18190_79,0.0475436,21,Hawaii Lowland Dry Grassland
Surface Fire,18200_79,0.0166408,60,Hawaii Lowland Mesic Grassland
Surface Fire,18220_79,0.009745,103,Hawaii Montane-Subalpine Dry Grassland
Surface Fire,18230_79,0.0018968,527,Hawaii Montane-Subalpine Mesic Grassland
Wind or Weather or Stress,10110_15,0.0029144,343,Rocky Mountain Aspen Forest and Woodland
Wind or Weather or Stress,10110_27,0.0029418,340,Rocky Mountain Aspen Forest and Woodland
Wind or Weather or Stress,10110_28,0.002879,347,Rocky Mountain Aspen Forest and Woodland
Wind or Weather or Stress,10120_16_27,0.0025452,393,Rocky Mountain Bigtooth Maple Ravine Woodland
Wind or Weather or Stress,10120_17_18_21,0.0023144,432,Rocky Mountain Bigtooth Maple Ravine Woodland
Wind or Weather or Stress,10130_31_38_39_40,0.006737,148,Western Great Plains Dry Bur Oak Forest and Woodland
Wind or Weather or Stress,10160_15_28,0.0015388,650,Colorado Plateau Pinyon-Juniper Woodland
Wind or Weather or Stress,10160_16_23_24_25,0.0020252,494,Colorado Plateau Pinyon-Juniper Woodland
Wind or Weather or Stress,10160_17,0.0019992,500,Colorado Plateau Pinyon-Juniper Woodland
Wind or Weather or Stress,10180_1_7,0.0007268,1376,East Cascades Mesic Montane Mixed-Conifer Forest and Woodland
Wind or Weather or Stress,10200_13,0.0013836,723,Inter-Mountain Basins Subalpine Limber-Bristlecone Pine Woodland
Wind or Weather or Stress,10200_6_9_12_17,0.001792,558,Inter-Mountain Basins Subalpine Limber-Bristlecone Pine Woodland
Wind or Weather or Stress,10230_14_15_24_25,0.0048148,208,Madrean Encinal
Wind or Weather or Stress,10240_14_15_24,0.0047202,212,Madrean Lower Montane Pine-Oak Forest and Woodland
Wind or Weather or Stress,10250_14_15_24_25_26,0.005702,175,Madrean Pinyon-Juniper Woodland
Wind or Weather or Stress,10260_15,0.0010992,910,Madrean Upper Montane Conifer-Oak Forest and Woodland
Wind or Weather or Stress,10290_2_3_4_5_6_7_12,0.0009622,1039,Mediterranean California Mixed Oak Woodland
Wind or Weather or Stress,10320_2_3_7,0.0057674,173,Mediterranean California Red Fir Forest
Wind or Weather or Stress,10330_3_6_7,0.0003412,2931,Mediterranean California Subalpine Woodland
Wind or Weather or Stress,10360_1_2,0.0050996,196,North Pacific Hypermaritime Sitka Spruce Forest
Wind or Weather or Stress,10420_1_7,0.000819,1221,North Pacific Mesic Western Hemlock-Silver Fir Forest
Wind or Weather or Stress,10432_2_3,0.0022042,454,Mediterranean California Mixed Evergreen Forest - Coastal
Wind or Weather or Stress,10450_1_7_8_9,0.000085,11765,Northern Rocky Mountain Dry-Mesic Montane Mixed Conifer Forest
Wind or Weather or Stress,10450_21,0.0007626,1311,Northern Rocky Mountain Dry-Mesic Montane Mixed Conifer Forest
Wind or Weather or Stress,10451_10_19,0.0006836,1463,Northern Rocky Mountain Dry-Mesic Montane Mixed Conifer Forest - Ponderosa Pine-Douglas-fir
Wind or Weather or Stress,10451_20,0.001983,504,Northern Rocky Mountain Dry-Mesic Montane Mixed Conifer Forest - Ponderosa Pine-Douglas-fir
Wind or Weather or Stress,10452_10_19,0.001789,559,Northern Rocky Mountain Dry-Mesic Montane Mixed Conifer Forest - Larch
Wind or Weather or Stress,10453_10_19,0.001275,784,Northern Rocky Mountain Dry-Mesic Montane Mixed Conifer Forest - Grand Fir
Wind or Weather or Stress,10454_20,0.0110572,90,Northern Rocky Mountain Dry-Mesic Montane Mixed Conifer Forest - Lodgepole Pine
Wind or Weather or Stress,10460_10_19_20,0.0050112,200,Northern Rocky Mountain Subalpine Woodland and Parkland
Wind or Weather or Stress,10460_21,0.0052542,190,Northern Rocky Mountain Subalpine Woodland and Parkland
Wind or Weather or Stress,10470_10_19,0.000765,1307,Northern Rocky Mountain Mesic Montane Mixed Conifer Forest
Wind or Weather or Stress,10470_8_9,0.0014338,697,Northern Rocky Mountain Mesic Montane Mixed Conifer Forest
Wind or Weather or Stress,10500_22,0.000456,2193,Rocky Mountain Lodgepole Pine Forest
Wind or Weather or Stress,10510_15_16_17_22_23_24_25,0.0009718,1029,Southern Rocky Mountain Dry-Mesic Montane Mixed Conifer Forest and Woodland
Wind or Weather or Stress,10510_18_21,0.0009868,1013,Southern Rocky Mountain Dry-Mesic Montane Mixed Conifer Forest and Woodland
Wind or Weather or Stress,10510_27,0.0011716,854,Southern Rocky Mountain Dry-Mesic Montane Mixed Conifer Forest and Woodland
Wind or Weather or Stress,10510_29,0.0010066,993,Southern Rocky Mountain Dry-Mesic Montane Mixed Conifer Forest and Woodland
Wind or Weather or Stress,10510_6,0.0009922,1008,Southern Rocky Mountain Dry-Mesic Montane Mixed Conifer Forest and Woodland
Wind or Weather or Stress,10520_12,0.0034178,293,Southern Rocky Mountain Mesic Montane Mixed Conifer Forest and Woodland
Wind or Weather or Stress,10520_13,0.0032776,305,Southern Rocky Mountain Mesic Montane Mixed Conifer Forest and Woodland
Wind or Weather or Stress,10520_15,0.0033476,299,Southern Rocky Mountain Mesic Montane Mixed Conifer Forest and Woodland
Wind or Weather or Stress,10520_16_23_24,0.0034456,290,Southern Rocky Mountain Mesic Montane Mixed Conifer Forest and Woodland
Wind or Weather or Stress,10520_17,0.003394,295,Southern Rocky Mountain Mesic Montane Mixed Conifer Forest and Woodland
Wind or Weather or Stress,10520_18,0.0033986,294,Southern Rocky Mountain Mesic Montane Mixed Conifer Forest and Woodland
Wind or Weather or Stress,10520_21,0.0033194,301,Southern Rocky Mountain Mesic Montane Mixed Conifer Forest and Woodland
Wind or Weather or Stress,10520_25,0.0034192,292,Southern Rocky Mountain Mesic Montane Mixed Conifer Forest and Woodland
Wind or Weather or Stress,10520_27,0.0030518,328,Southern Rocky Mountain Mesic Montane Mixed Conifer Forest and Woodland
Wind or Weather or Stress,10530_10_19,0.0021326,469,Northern Rocky Mountain Ponderosa Pine Woodland and Savanna
Wind or Weather or Stress,10540_20,0.0000822,12165,Southern Rocky Mountain Ponderosa Pine Woodland
Wind or Weather or Stress,10540_22,0.0042338,236,Southern Rocky Mountain Ponderosa Pine Woodland
Wind or Weather or Stress,10541_27,0.0112572,89,Southern Rocky Mountain Ponderosa Pine Woodland - South
Wind or Weather or Stress,10550_1_8_9,0.002474,404,Rocky Mountain Subalpine Dry-Mesic Spruce-Fir Forest and Woodland
Wind or Weather or Stress,10550_10_19,0.0014866,673,Rocky Mountain Subalpine Dry-Mesic Spruce-Fir Forest and Woodland
Wind or Weather or Stress,10550_15_28,0.001988,503,Rocky Mountain Subalpine Dry-Mesic Spruce-Fir Forest and Woodland
Wind or Weather or Stress,10550_16_23_24,0.0003598,2779,Rocky Mountain Subalpine Dry-Mesic Spruce-Fir Forest and Woodland
Wind or Weather or Stress,10550_17,0.000374,2674,Rocky Mountain Subalpine Dry-Mesic Spruce-Fir Forest and Woodland
Wind or Weather or Stress,10550_18,0.0003236,3090,Rocky Mountain Subalpine Dry-Mesic Spruce-Fir Forest and Woodland
Wind or Weather or Stress,10550_27,0.0019418,515,Rocky Mountain Subalpine Dry-Mesic Spruce-Fir Forest and Woodland
Wind or Weather or Stress,10550_29,0.000942,1062,Rocky Mountain Subalpine Dry-Mesic Spruce-Fir Forest and Woodland
Wind or Weather or Stress,10560_1_7_8_9,0.0013394,747,Rocky Mountain Subalpine Mesic-Wet Spruce-Fir Forest and Woodland
Wind or Weather or Stress,10560_10_19,0.0032734,305,Rocky Mountain Subalpine Mesic-Wet Spruce-Fir Forest and Woodland
Wind or Weather or Stress,10560_15_28,0.001951,513,Rocky Mountain Subalpine Mesic-Wet Spruce-Fir Forest and Woodland
Wind or Weather or Stress,10560_16_23,0.000383,2611,Rocky Mountain Subalpine Mesic-Wet Spruce-Fir Forest and Woodland
Wind or Weather or Stress,10560_18,0.0003524,2838,Rocky Mountain Subalpine Mesic-Wet Spruce-Fir Forest and Woodland
Wind or Weather or Stress,10560_20,0.0003102,3224,Rocky Mountain Subalpine Mesic-Wet Spruce-Fir Forest and Woodland
Wind or Weather or Stress,10560_21_22,0.0001862,5371,Rocky Mountain Subalpine Mesic-Wet Spruce-Fir Forest and Woodland
Wind or Weather or Stress,10560_29,0.000173,5780,Rocky Mountain Subalpine Mesic-Wet Spruce-Fir Forest and Woodland
Wind or Weather or Stress,10570_12_16,0.0017502,571,Rocky Mountain Subalpine-Montane Limber-Bristlecone Pine Woodland
Wind or Weather or Stress,10570_18,0.0018866,530,Rocky Mountain Subalpine-Montane Limber-Bristlecone Pine Woodland
Wind or Weather or Stress,10570_23,0.0017558,570,Rocky Mountain Subalpine-Montane Limber-Bristlecone Pine Woodland
Wind or Weather or Stress,10570_28,0.0017636,567,Rocky Mountain Subalpine-Montane Limber-Bristlecone Pine Woodland
Wind or Weather or Stress,10570_29,0.0017876,559,Rocky Mountain Subalpine-Montane Limber-Bristlecone Pine Woodland
Wind or Weather or Stress,10580_12,0.0006586,1518,Sierra Nevada Subalpine Lodgepole Pine Forest and Woodland
Wind or Weather or Stress,10580_4,0.0008918,1121,Sierra Nevada Subalpine Lodgepole Pine Forest and Woodland
Wind or Weather or Stress,10581_6,0.0006424,1557,Sierra Nevada Subalpine Lodgepole Pine Forest and Woodland - Wet
Wind or Weather or Stress,10582_6,0.000781,1280,Sierra Nevada Subalpine Lodgepole Pine Forest and Woodland - Dry
Wind or Weather or Stress,10590_24_28,0.0002466,4055,Southern Rocky Mountain Pinyon-Juniper Woodland
Wind or Weather or Stress,10590_25,0.0003486,2869,Southern Rocky Mountain Pinyon-Juniper Woodland
Wind or Weather or Stress,10590_26,0.0065588,152,Southern Rocky Mountain Pinyon-Juniper Woodland
Wind or Weather or Stress,10590_27_33,0.0299344,33,Southern Rocky Mountain Pinyon-Juniper Woodland
Wind or Weather or Stress,10610_13,0.0000652,15337,Inter-Mountain Basins Aspen-Mixed Conifer Forest and Woodland
Wind or Weather or Stress,10610_6,0.0005276,1895,Inter-Mountain Basins Aspen-Mixed Conifer Forest and Woodland
Wind or Weather or Stress,10612_16_23,0.0000448,22321,Inter-Mountain Basins Aspen-Mixed Conifer Forest and Woodland - High Elevation
Wind or Weather or Stress,10620_22_28,0.0063842,157,Inter-Mountain Basins Curl-leaf Mountain Mahogany Woodland and Shrubland
Wind or Weather or Stress,10660_16_23_24,0.0099534,100,Inter-Mountain Basins Mat Saltbush Shrubland
Wind or Weather or Stress,10660_22,0.009987,100,Inter-Mountain Basins Mat Saltbush Shrubland
Wind or Weather or Stress,10660_29,0.0532178,19,Inter-Mountain Basins Mat Saltbush Shrubland
Wind or Weather or Stress,10670_6,0.0018674,536,Mediterranean California Alpine Fell-Field
Wind or Weather or Stress,10680_1_7,0.0100116,100,North Pacific Dry and Mesic Alpine Dwarf-Shrubland or Fell-field or Meadow
Wind or Weather or Stress,10700_10_19_28,0.008662,115,Rocky Mountain Alpine Dwarf-Shrubland
Wind or Weather or Stress,10700_16,0.0086208,116,Rocky Mountain Alpine Dwarf-Shrubland
Wind or Weather or Stress,10700_21,0.0088772,113,Rocky Mountain Alpine Dwarf-Shrubland
Wind or Weather or Stress,10710_6,0.0086242,116,Sierra Nevada Alpine Dwarf-Shrubland
Wind or Weather or Stress,10720_28,0.000836,1196,Wyoming Basins Dwarf Sagebrush Shrubland and Steppe
Wind or Weather or Stress,10740_25_26,0.0102704,97,Chihuahuan Creosotebush Desert Scrub
Wind or Weather or Stress,10750_25,0.0398198,25,Chihuahuan Mixed Salt Desert Scrub
Wind or Weather or Stress,10750_26,0.0556386,18,Chihuahuan Mixed Salt Desert Scrub
Wind or Weather or Stress,10760_26,0.9868,1,Chihuahuan Stabilized Coppice Dune and Sand Flat Scrub
Wind or Weather or Stress,10770_15,0.0042864,233,Chihuahuan Succulent Desert Scrub
Wind or Weather or Stress,10770_25_26,0.0044694,224,Chihuahuan Succulent Desert Scrub
Wind or Weather or Stress,10780_16_23_24_25,0.0133666,75,Colorado Plateau Blackbrush-Mormon-tea Shrubland
Wind or Weather or Stress,10790_13,0.0133646,75,Great Basin Xeric Mixed Sagebrush Shrubland
Wind or Weather or Stress,10790_6_9_10_12_16_17_18,0.0045696,219,Great Basin Xeric Mixed Sagebrush Shrubland
Wind or Weather or Stress,10800_1_7_8_9,0.0051578,194,Inter-Mountain Basins Big Sagebrush Shrubland
Wind or Weather or Stress,10800_10_19,0.0009788,1022,Inter-Mountain Basins Big Sagebrush Shrubland
Wind or Weather or Stress,10800_13_14,0.0078978,127,Inter-Mountain Basins Big Sagebrush Shrubland
Wind or Weather or Stress,10801_21_22_28,0.0022298,448,Inter-Mountain Basins Big Sagebrush Shrubland - Basin Big Sagebrush
Wind or Weather or Stress,10802_21_22_28,0.0048834,205,Inter-Mountain Basins Big Sagebrush Shrubland - Wyoming Big Sagebrush
Wind or Weather or Stress,10803_6_12_15_16_17_18_23_24_25,0.0060638,165,Inter-Mountain Basins Big Sagebrush Shrubland - Semi-Desert
Wind or Weather or Stress,10804_6_12_15_16_17_18_23_24_25,0.0059578,168,Inter-Mountain Basins Big Sagebrush Shrubland - Upland
Wind or Weather or Stress,10810_15_16_23_24_28,0.0547222,18,Inter-Mountain Basins Mixed Salt Desert Scrub
Wind or Weather or Stress,10810_18_19_21,0.0180728,55,Inter-Mountain Basins Mixed Salt Desert Scrub
Wind or Weather or Stress,10810_22,0.0523296,19,Inter-Mountain Basins Mixed Salt Desert Scrub
Wind or Weather or Stress,10810_27_33,0.0496346,20,Inter-Mountain Basins Mixed Salt Desert Scrub
Wind or Weather or Stress,10810_6_12_13_17,0.0271896,37,Inter-Mountain Basins Mixed Salt Desert Scrub
Wind or Weather or Stress,10810_7_8_9,0.013843,72,Inter-Mountain Basins Mixed Salt Desert Scrub
Wind or Weather or Stress,10850_20,0.0503576,20,Northwestern Great Plains Shrubland
Wind or Weather or Stress,10850_29_30,0.0495388,20,Northwestern Great Plains Shrubland
Wind or Weather or Stress,10860_13_16_17_18_21_23,0.0049896,200,Rocky Mountain Lower Montane-Foothill Shrubland
Wind or Weather or Stress,10860_25,0.0046696,214,Rocky Mountain Lower Montane-Foothill Shrubland
Wind or Weather or Stress,10860_27_31_33,0.0050428,198,Rocky Mountain Lower Montane-Foothill Shrubland
Wind or Weather or Stress,10860_28,0.0047658,210,Rocky Mountain Lower Montane-Foothill Shrubland
Wind or Weather or Stress,10860_29,0.0032264,310,Rocky Mountain Lower Montane-Foothill Shrubland
Wind or Weather or Stress,10861_22,0.0048752,205,Rocky Mountain Lower Montane-Foothill Shrubland - No True Mountain Mahogany
Wind or Weather or Stress,10862_22,0.0032172,311,Rocky Mountain Lower Montane-Foothill Shrubland - True Mountain Mahogany
Wind or Weather or Stress,10870_4_6_12_13_14_15_17_24_25,0.0111322,90,Sonora-Mojave Creosotebush-White Bursage Desert Scrub
Wind or Weather or Stress,10880_12_13_14_25,0.032668,31,Sonora-Mojave Mixed Salt Desert Scrub
Wind or Weather or Stress,10880_4_5,0.0329698,30,Sonora-Mojave Mixed Salt Desert Scrub
Wind or Weather or Stress,10900_14,0.006596,152,Sonoran Granite Outcrop Desert Scrub
Wind or Weather or Stress,10910_15,0.0088014,114,Sonoran Mid-Elevation Desert Scrub
Wind or Weather or Stress,10910_25,0.0673036,15,Sonoran Mid-Elevation Desert Scrub
Wind or Weather or Stress,10930_13_15_16_23_24_28,0.0076704,130,Southern Colorado Plateau Sand Shrubland
Wind or Weather or Stress,10940_25,0.000785,1274,Western Great Plains Sandhill Steppe
Wind or Weather or Stress,10940_26,0.0044018,227,Western Great Plains Sandhill Steppe
Wind or Weather or Stress,10940_27_33,0.1256032,8,Western Great Plains Sandhill Steppe
Wind or Weather or Stress,10940_31_38,0.1246194,8,Western Great Plains Sandhill Steppe
Wind or Weather or Stress,10950_26_35,0.0243762,41,Apacherian-Chihuahuan Mesquite Upland Scrub
Wind or Weather or Stress,10950_27,0.0245284,41,Apacherian-Chihuahuan Mesquite Upland Scrub
Wind or Weather or Stress,11000_15,0.011197,89,Chihuahuan Mixed Desert and Thorn Scrub
Wind or Weather or Stress,11002_25,0.0092206,108,Chihuahuan Mixed Desert and Thorn Scrub - Shrubland
Wind or Weather or Stress,11003_25,0.0103624,97,Chihuahuan Mixed Desert and Thorn Scrub - Steppe
Wind or Weather or Stress,11020_28,0.0014928,670,Colorado Plateau Pinyon-Juniper Shrubland
Wind or Weather or Stress,11040_23_24,0.0021884,457,Mogollon Chaparral
Wind or Weather or Stress,11070_13,0.0070664,142,Rocky Mountain Gambel Oak-Mixed Montane Shrubland
Wind or Weather or Stress,11070_17,0.0069086,145,Rocky Mountain Gambel Oak-Mixed Montane Shrubland
Wind or Weather or Stress,11071_16,0.006102,164,Rocky Mountain Gambel Oak-Mixed Montane Shrubland  - Continuous
Wind or Weather or Stress,11072_16,0.0069154,145,Rocky Mountain Gambel Oak-Mixed Montane Shrubland - Patchy
Wind or Weather or Stress,11090_14,0.0009694,1032,Sonoran Paloverde-Mixed Cacti Desert Scrub
Wind or Weather or Stress,11090_15_25,0.0009802,1020,Sonoran Paloverde-Mixed Cacti Desert Scrub
Wind or Weather or Stress,11090_4_13,0.0009504,1052,Sonoran Paloverde-Mixed Cacti Desert Scrub
Wind or Weather or Stress,11110_26,0.007289,137,Western Great Plains Mesquite Woodland and Shrubland
Wind or Weather or Stress,11110_32_35,0.0062614,160,Western Great Plains Mesquite Woodland and Shrubland
Wind or Weather or Stress,11110_34,0.0071818,139,Western Great Plains Mesquite Woodland and Shrubland
Wind or Weather or Stress,11160_15_25,0.0057304,175,Madrean Juniper Savanna
Wind or Weather or Stress,11160_24,0.0050234,199,Madrean Juniper Savanna
Wind or Weather or Stress,11160_26,0.0048006,208,Madrean Juniper Savanna
Wind or Weather or Stress,11170_29,0.0001136,8803,Southern Rocky Mountain Ponderosa Pine Savanna
Wind or Weather or Stress,11171_27,0.0200138,50,Southern Rocky Mountain Ponderosa Pine Savanna - South
Wind or Weather or Stress,11190_26,0.0064308,156,Southern Rocky Mountain Juniper Woodland and Savanna
Wind or Weather or Stress,11190_34,0.0043852,228,Southern Rocky Mountain Juniper Woodland and Savanna
Wind or Weather or Stress,11210_25,0.0165174,61,Apacherian-Chihuahuan Semi-Desert Grassland and Steppe
Wind or Weather or Stress,11210_26,0.0218298,46,Apacherian-Chihuahuan Semi-Desert Grassland and Steppe
Wind or Weather or Stress,11210_27,0.0264426,38,Apacherian-Chihuahuan Semi-Desert Grassland and Steppe
Wind or Weather or Stress,11220_25,0.0046848,213,Chihuahuan Gypsophilous Grassland and Steppe
Wind or Weather or Stress,11220_26,0.0198436,50,Chihuahuan Gypsophilous Grassland and Steppe
Wind or Weather or Stress,11220_27,0.8074418,1,Chihuahuan Gypsophilous Grassland and Steppe
Wind or Weather or Stress,11230_10_18,0.0058562,171,Columbia Plateau Steppe and Grassland
Wind or Weather or Stress,11240_1_7_8_9,0.0066008,151,Columbia Plateau Low Sagebrush Steppe
Wind or Weather or Stress,11250_1_7_8_9_10_19,0.0064368,155,Inter-Mountain Basins Big Sagebrush Steppe
Wind or Weather or Stress,11250_20_29_30_31_33,0.0100898,99,Inter-Mountain Basins Big Sagebrush Steppe
Wind or Weather or Stress,11250_6_12_13_15_16_17_18_23_24_25_28,0.0053724,186,Inter-Mountain Basins Big Sagebrush Steppe
Wind or Weather or Stress,11260_1_7_8_9_10_19,0.0067742,148,Inter-Mountain Basins Montane Sagebrush Steppe
Wind or Weather or Stress,11260_20_29_33,0.0076892,130,Inter-Mountain Basins Montane Sagebrush Steppe
Wind or Weather or Stress,11260_21,0.0077656,129,Inter-Mountain Basins Montane Sagebrush Steppe
Wind or Weather or Stress,11260_22,0.0029746,336,Inter-Mountain Basins Montane Sagebrush Steppe
Wind or Weather or Stress,11270_10_12_13_17_18,0.0134594,74,Inter-Mountain Basins Semi-Desert Shrub-Steppe
Wind or Weather or Stress,11270_14,0.013342,75,Inter-Mountain Basins Semi-Desert Shrub-Steppe
Wind or Weather or Stress,11270_15,0.1009868,10,Inter-Mountain Basins Semi-Desert Shrub-Steppe
Wind or Weather or Stress,11270_16_23_24_25,0.099726,10,Inter-Mountain Basins Semi-Desert Shrub-Steppe
Wind or Weather or Stress,11270_21,0.006709,149,Inter-Mountain Basins Semi-Desert Shrub-Steppe
Wind or Weather or Stress,11270_22,0.0517986,19,Inter-Mountain Basins Semi-Desert Shrub-Steppe
Wind or Weather or Stress,11270_28,0.1003264,10,Inter-Mountain Basins Semi-Desert Shrub-Steppe
Wind or Weather or Stress,11270_7_8_9,0.013589,74,Inter-Mountain Basins Semi-Desert Shrub-Steppe
Wind or Weather or Stress,11320_31_38,0.013742,73,Central Mixedgrass Prairie
Wind or Weather or Stress,11320_32_34_35,0.0090904,110,Central Mixedgrass Prairie
Wind or Weather or Stress,11320_33,0.0237408,42,Central Mixedgrass Prairie
Wind or Weather or Stress,11330_25,0.0283618,35,Chihuahuan Sandy Plains Semi-Desert Grassland
Wind or Weather or Stress,11350_13_14,0.0226108,44,Inter-Mountain Basins Semi-Desert Grassland
Wind or Weather or Stress,11350_15_28,0.021711,46,Inter-Mountain Basins Semi-Desert Grassland
Wind or Weather or Stress,11350_16_23_24,0.0198358,50,Inter-Mountain Basins Semi-Desert Grassland
Wind or Weather or Stress,11350_22,0.0219746,46,Inter-Mountain Basins Semi-Desert Grassland
Wind or Weather or Stress,11350_25,0.020447,49,Inter-Mountain Basins Semi-Desert Grassland
Wind or Weather or Stress,11350_7_8_9_10_12_17_18,0.0082414,121,Inter-Mountain Basins Semi-Desert Grassland
Wind or Weather or Stress,11360_6,0.009851,102,Mediterranean California Alpine Dry Tundra
Wind or Weather or Stress,11390_20,0.0667626,15,Northern Rocky Mountain Lower Montane-Foothill-Valley Grassland
Wind or Weather or Stress,11390_22,0.0101686,98,Northern Rocky Mountain Lower Montane-Foothill-Valley Grassland
Wind or Weather or Stress,11390_29,0.067232,15,Northern Rocky Mountain Lower Montane-Foothill-Valley Grassland
Wind or Weather or Stress,11410_20,0.0275148,36,Northwestern Great Plains Mixedgrass Prairie
Wind or Weather or Stress,11410_29_30,0.0322496,31,Northwestern Great Plains Mixedgrass Prairie
Wind or Weather or Stress,11410_31,0.0120792,83,Northwestern Great Plains Mixedgrass Prairie
Wind or Weather or Stress,11410_39,0.0121214,82,Northwestern Great Plains Mixedgrass Prairie
Wind or Weather or Stress,11410_40,0.012394,81,Northwestern Great Plains Mixedgrass Prairie
Wind or Weather or Stress,11430_9_19_21_28,0.0019306,518,Rocky Mountain Alpine Fell-Field
Wind or Weather or Stress,11440_12_16_19_28,0.0095514,105,Rocky Mountain Alpine Turf
Wind or Weather or Stress,11440_21_22,0.0098534,101,Rocky Mountain Alpine Turf
Wind or Weather or Stress,11470_27_33,0.0056642,177,Western Great Plains Foothill and Piedmont Grassland
Wind or Weather or Stress,11470_28,0.0170504,59,Western Great Plains Foothill and Piedmont Grassland
Wind or Weather or Stress,11480_31_38,0.0097246,103,Western Great Plains Sand Prairie
Wind or Weather or Stress,11480_32,0.0073842,135,Western Great Plains Sand Prairie
Wind or Weather or Stress,11480_34_35,0.082804,12,Western Great Plains Sand Prairie
Wind or Weather or Stress,11490_25,0.0007962,1256,Western Great Plains Shortgrass Prairie
Wind or Weather or Stress,11490_26,0.0270028,37,Western Great Plains Shortgrass Prairie
Wind or Weather or Stress,11490_27_38,0.0231254,43,Western Great Plains Shortgrass Prairie
Wind or Weather or Stress,11490_28,0.0185182,54,Western Great Plains Shortgrass Prairie
Wind or Weather or Stress,11490_29,0.0248546,40,Western Great Plains Shortgrass Prairie
Wind or Weather or Stress,11490_31_33,0.0243966,41,Western Great Plains Shortgrass Prairie
Wind or Weather or Stress,11490_34_35,0.0176794,57,Western Great Plains Shortgrass Prairie
Wind or Weather or Stress,11500_31_39_40,0.0247198,40,Western Great Plains Tallgrass Prairie
Wind or Weather or Stress,11500_38,0.0183986,54,Western Great Plains Tallgrass Prairie
Wind or Weather or Stress,11510_4_5,0.0179212,56,California Central Valley Riparian Woodland and Shrubland
Wind or Weather or Stress,11520_2_3_7,0.107044,9,California Montane Riparian Systems
Wind or Weather or Stress,11520_4_5,0.1619038,6,California Montane Riparian Systems
Wind or Weather or Stress,11520_6,0.1598516,6,California Montane Riparian Systems
Wind or Weather or Stress,11530_16_23_24_25_27,0.0136052,74,Inter-Mountain Basins Greasewood Flat
Wind or Weather or Stress,11530_20_22_29_30,0.0128572,78,Inter-Mountain Basins Greasewood Flat
Wind or Weather or Stress,11530_28,0.014015,71,Inter-Mountain Basins Greasewood Flat
Wind or Weather or Stress,11530_6_10_12_13_17_18_19_21,0.0068114,147,Inter-Mountain Basins Greasewood Flat
Wind or Weather or Stress,11530_7_8_9,0.006546,153,Inter-Mountain Basins Greasewood Flat
Wind or Weather or Stress,11540_1_7_8_9,0.1130806,9,Inter-Mountain Basins Montane Riparian Systems
Wind or Weather or Stress,11540_10_19,0.1764678,6,Inter-Mountain Basins Montane Riparian Systems
Wind or Weather or Stress,11540_13,0.1811798,6,Inter-Mountain Basins Montane Riparian Systems
Wind or Weather or Stress,11540_18,0.171078,6,Inter-Mountain Basins Montane Riparian Systems
Wind or Weather or Stress,11540_6_12_16_17,0.1279984,8,Inter-Mountain Basins Montane Riparian Systems
Wind or Weather or Stress,11550_13_14,0.0402968,25,North American Warm Desert Riparian Systems
Wind or Weather or Stress,11550_15,0.0491372,20,North American Warm Desert Riparian Systems
Wind or Weather or Stress,11550_25,0.0090164,111,North American Warm Desert Riparian Systems
Wind or Weather or Stress,11550_4,0.0409462,24,North American Warm Desert Riparian Systems
Wind or Weather or Stress,11552_13_14_15,0.1196522,8,North American Warm Desert Riparian Systems - Stringers
Wind or Weather or Stress,11560_1_2_7,0.0401984,25,North Pacific Lowland Riparian Forest and Shrubland
Wind or Weather or Stress,11570_1_2,0.0070054,143,North Pacific Swamp Systems
Wind or Weather or Stress,11581_1_2_7,0.1854956,5,North Pacific Montane Riparian Woodland and Shrubland - Wet
Wind or Weather or Stress,11582_1_2_7,0.189711,5,North Pacific Montane Riparian Woodland and Shrubland - Dry
Wind or Weather or Stress,11590_10_19,0.1377694,7,Rocky Mountain Montane Riparian Systems
Wind or Weather or Stress,11590_12_17,0.1341124,7,Rocky Mountain Montane Riparian Systems
Wind or Weather or Stress,11590_13,0.1837948,5,Rocky Mountain Montane Riparian Systems
Wind or Weather or Stress,11590_15,0.1506916,7,Rocky Mountain Montane Riparian Systems
Wind or Weather or Stress,11590_16_23_24_26,0.3211198,3,Rocky Mountain Montane Riparian Systems
Wind or Weather or Stress,11590_18,0.1767024,6,Rocky Mountain Montane Riparian Systems
Wind or Weather or Stress,11590_20,0.1912332,5,Rocky Mountain Montane Riparian Systems
Wind or Weather or Stress,11590_21,0.1945506,5,Rocky Mountain Montane Riparian Systems
Wind or Weather or Stress,11590_22,0.315234,3,Rocky Mountain Montane Riparian Systems
Wind or Weather or Stress,11590_25,0.3137056,3,Rocky Mountain Montane Riparian Systems
Wind or Weather or Stress,11590_27_33,0.3144988,3,Rocky Mountain Montane Riparian Systems
Wind or Weather or Stress,11590_28,0.3096812,3,Rocky Mountain Montane Riparian Systems
Wind or Weather or Stress,11590_29,0.1862972,5,Rocky Mountain Montane Riparian Systems
Wind or Weather or Stress,11590_8_9,0.137863,7,Rocky Mountain Montane Riparian Systems
Wind or Weather or Stress,11600_10_19,0.23984,4,Rocky Mountain Subalpine/Upper Montane Riparian Systems
Wind or Weather or Stress,11600_12_17,0.3113918,3,Rocky Mountain Subalpine/Upper Montane Riparian Systems
Wind or Weather or Stress,11600_15_28,0.3151316,3,Rocky Mountain Subalpine/Upper Montane Riparian Systems
Wind or Weather or Stress,11600_16,0.3097358,3,Rocky Mountain Subalpine/Upper Montane Riparian Systems
Wind or Weather or Stress,11600_18,0.2327532,4,Rocky Mountain Subalpine/Upper Montane Riparian Systems
Wind or Weather or Stress,11600_20_29,0.317684,3,Rocky Mountain Subalpine/Upper Montane Riparian Systems
Wind or Weather or Stress,11600_21,0.1190704,8,Rocky Mountain Subalpine/Upper Montane Riparian Systems
Wind or Weather or Stress,11600_23,0.3213806,3,Rocky Mountain Subalpine/Upper Montane Riparian Systems
Wind or Weather or Stress,11600_8_9,0.245653,4,Rocky Mountain Subalpine/Upper Montane Riparian Systems
Wind or Weather or Stress,11610_21,0.003167,316,Northern Rocky Mountain Conifer Swamp
Wind or Weather or Stress,11610_9_10_19,0.0000676,14793,Northern Rocky Mountain Conifer Swamp
Wind or Weather or Stress,11620_20,0.0396158,25,Western Great Plains Floodplain Systems
Wind or Weather or Stress,11620_27_33,0.1311562,8,Western Great Plains Floodplain Systems
Wind or Weather or Stress,11620_29_30,0.0381712,26,Western Great Plains Floodplain Systems
Wind or Weather or Stress,11620_31_39_40,0.0483292,21,Western Great Plains Floodplain Systems
Wind or Weather or Stress,11620_32_35,0.0077138,130,Western Great Plains Floodplain Systems
Wind or Weather or Stress,11620_34,0.1323788,8,Western Great Plains Floodplain Systems
Wind or Weather or Stress,11620_38,0.0485118,21,Western Great Plains Floodplain Systems
Wind or Weather or Stress,11650_9,0.0300818,33,Northern Rocky Mountain Foothill Conifer Wooded Steppe
Wind or Weather or Stress,11660_21,0.0056214,178,Middle Rocky Mountain Montane Douglas-fir Forest and Woodland
Wind or Weather or Stress,11660_22,0.004935,203,Middle Rocky Mountain Montane Douglas-fir Forest and Woodland
Wind or Weather or Stress,11660_29,0.030947,32,Middle Rocky Mountain Montane Douglas-fir Forest and Woodland
Wind or Weather or Stress,11660_9_10_19,0.0089566,112,Middle Rocky Mountain Montane Douglas-fir Forest and Woodland
Wind or Weather or Stress,11662_19,0.02999,33,Middle Rocky Mountain Montane Douglas-fir Forest and Woodland - Fire-maintained Savanna
Wind or Weather or Stress,11670_10_19,0.0007478,1337,Rocky Mountain Poor-Site Lodgepole Pine Forest
Wind or Weather or Stress,11670_21,0.0006004,1666,Rocky Mountain Poor-Site Lodgepole Pine Forest
Wind or Weather or Stress,11780_1_2_7,0.0052746,190,North Pacific Hypermaritime Western Red-cedar-Western Hemlock Forest
Wind or Weather or Stress,11792_29_30,0.0001122,8913,Northwestern Great Plains-Black Hills Ponderosa Pine Woodland and Savanna - Savanna
Wind or Weather or Stress,13020_40,0.0009684,1033,Laurentian-Acadian Northern Hardwoods Forest
Wind or Weather or Stress,13020_63,0.0009792,1021,Laurentian-Acadian Northern Hardwoods Forest
Wind or Weather or Stress,13020_64,0.0009504,1052,Laurentian-Acadian Northern Hardwoods Forest
Wind or Weather or Stress,13020_65_66,0.0180696,55,Laurentian-Acadian Northern Hardwoods Forest
Wind or Weather or Stress,13022_41_50_51,0.0009166,1091,Laurentian-Acadian Northern Hardwoods Forest - Hemlock
Wind or Weather or Stress,13023_51,0.0018066,554,Laurentian-Acadian Northern Hardwoods Forest - Northern Sugar Maple-Basswood
Wind or Weather or Stress,13030_60,0.002197,455,Northeastern Interior Dry-Mesic Oak Forest
Wind or Weather or Stress,13030_61_63_64_65_66,0.0038462,260,Northeastern Interior Dry-Mesic Oak Forest
Wind or Weather or Stress,13030_62,0.003457,289,Northeastern Interior Dry-Mesic Oak Forest
Wind or Weather or Stress,13040_32_43_44_49,0.0037106,269,Ozark-Ouachita Dry-Mesic Oak Forest
Wind or Weather or Stress,13050_47_48,0.0005838,1713,Southern Interior Low Plateau Dry-Mesic Oak Forest
Wind or Weather or Stress,13050_49,0.0003764,2657,Southern Interior Low Plateau Dry-Mesic Oak Forest
Wind or Weather or Stress,13050_53,0.000467,2141,Southern Interior Low Plateau Dry-Mesic Oak Forest
Wind or Weather or Stress,13060_47_48,0.005847,171,East Gulf Coastal Plain Northern Loess Plain Oak-Hickory Upland
Wind or Weather or Stress,13070_46_47_48,0.0055968,179,East Gulf Coastal Plain Northern Dry Upland Hardwood Forest
Wind or Weather or Stress,13080_32_35,0.0042888,233,Crosstimbers Oak Forest and Woodland
Wind or Weather or Stress,13080_38_43_44,0.0042768,234,Crosstimbers Oak Forest and Woodland
Wind or Weather or Stress,13090_53_57,0.0025614,390,Southern Appalachian Northern Hardwood Forest
Wind or Weather or Stress,13100_38_42_43,0.0008554,1169,North-Central Interior Dry-Mesic Oak Forest and Woodland
Wind or Weather or Stress,13100_39,0.0005318,1880,North-Central Interior Dry-Mesic Oak Forest and Woodland
Wind or Weather or Stress,13100_41_62,0.0005396,1853,North-Central Interior Dry-Mesic Oak Forest and Woodland
Wind or Weather or Stress,13100_44_50,0.0008532,1172,North-Central Interior Dry-Mesic Oak Forest and Woodland
Wind or Weather or Stress,13100_47,0.0008994,1112,North-Central Interior Dry-Mesic Oak Forest and Woodland
Wind or Weather or Stress,13100_49,0.0004686,2134,North-Central Interior Dry-Mesic Oak Forest and Woodland
Wind or Weather or Stress,13100_51,0.000909,1100,North-Central Interior Dry-Mesic Oak Forest and Woodland
Wind or Weather or Stress,13100_52,0.000497,2012,North-Central Interior Dry-Mesic Oak Forest and Woodland
Wind or Weather or Stress,13110_39,0.001718,582,North-Central Interior Dry Oak Forest and Woodland
Wind or Weather or Stress,13110_42_43,0.0010784,927,North-Central Interior Dry Oak Forest and Woodland
Wind or Weather or Stress,13110_44,0.0013652,732,North-Central Interior Dry Oak Forest and Woodland
Wind or Weather or Stress,13110_49,0.001012,988,North-Central Interior Dry Oak Forest and Woodland
Wind or Weather or Stress,13110_50,0.0013354,749,North-Central Interior Dry Oak Forest and Woodland
Wind or Weather or Stress,13110_51,0.001093,915,North-Central Interior Dry Oak Forest and Woodland
Wind or Weather or Stress,13110_52,0.0010114,989,North-Central Interior Dry Oak Forest and Woodland
Wind or Weather or Stress,13120_44,0.0035162,284,Ouachita Montane Oak Forest
Wind or Weather or Stress,13130_47_50_51,0.140167,7,North-Central Interior Beech-Maple Forest
Wind or Weather or Stress,13130_49_52_62,0.1417808,7,North-Central Interior Beech-Maple Forest
Wind or Weather or Stress,13140_38_39_40_41_42_43_44_50,0.1402798,7,North-Central Interior Maple-Basswood Forest
Wind or Weather or Stress,13140_49,0.140435,7,North-Central Interior Maple-Basswood Forest
Wind or Weather or Stress,13150_48_53_57_59_61,0.0061372,163,Southern Appalachian Oak Forest
Wind or Weather or Stress,13160_54_57_59_61,0.0092818,108,Southern Piedmont Mesic Forest
Wind or Weather or Stress,13160_60,0.009186,109,Southern Piedmont Mesic Forest
Wind or Weather or Stress,13170_57_61,0.004162,240,Allegheny-Cumberland Dry Oak Forest and Woodland
Wind or Weather or Stress,13180_48_53,0.0065196,153,Southern and Central Appalachian Cove Forest
Wind or Weather or Stress,13180_57_59_61,0.004618,217,Southern and Central Appalachian Cove Forest
Wind or Weather or Stress,13200_48_57_61,0.0037226,269,Central and Southern Appalachian Montane Oak Forest
Wind or Weather or Stress,13210_47_48_53_57,0.0024548,407,South-Central Interior Mesophytic Forest
Wind or Weather or Stress,13210_49,0.0022594,443,South-Central Interior Mesophytic Forest
Wind or Weather or Stress,13210_61_63,0.0040546,247,South-Central Interior Mesophytic Forest
Wind or Weather or Stress,13210_62,0.0023124,432,South-Central Interior Mesophytic Forest
Wind or Weather or Stress,13220_45,0.0121568,82,Southern Crowley`s Ridge Mesic Loess Slope Forest
Wind or Weather or Stress,13230_32_36_37_44_45_98,0.001834,545,West Gulf Coastal Plain Mesic Hardwood Forest
Wind or Weather or Stress,13240_60_65_66,0.0008082,1237,Northern Atlantic Coastal Plain Hardwood Forest
Wind or Weather or Stress,13250_46_47_48,0.0031324,319,East Gulf Coastal Plain Northern Mesic Hardwood Slope Forest
Wind or Weather or Stress,13260_47,0.0064914,154,South-Central Interior/Upper Coastal Plain Flatwoods
Wind or Weather or Stress,13260_49,0.0003982,2511,South-Central Interior/Upper Coastal Plain Flatwoods
Wind or Weather or Stress,13270_45_46_47,0.0043346,231,East Gulf Coastal Plain Northern Loess Bluff Forest
Wind or Weather or Stress,13280_46_99,0.004971,201,East Gulf Coastal Plain Limestone Forest
Wind or Weather or Stress,13290_45_46_99,0.0046994,213,East Gulf Coastal Plain Southern Loess Bluff Forest
Wind or Weather or Stress,13300_46_48_54_55_56_99,0.0049992,200,Southern Coastal Plain Dry Upland Hardwood Forest
Wind or Weather or Stress,13310_39_40_41,0.0106572,94,Eastern Great Plains Tallgrass Aspen Parkland
Wind or Weather or Stress,13330_56,0.0085698,117,South Florida Hardwood Hammock
Wind or Weather or Stress,13340_32_43_44,0.002764,362,Ozark-Ouachita Mesic Hardwood Forest
Wind or Weather or Stress,13350_55_58_60,0.0049914,200,Atlantic Coastal Plain Dry and Dry-Mesic Oak Forest
Wind or Weather or Stress,13360_56,0.026817,37,Southwest Florida Coastal Strand and Maritime Hammock
Wind or Weather or Stress,13370_56,0.0643372,16,Southeast Florida Coastal Strand and Maritime Hammock
Wind or Weather or Stress,13380_36,0.0095494,105,Central and South Texas Coastal Fringe Forest and Woodland
Wind or Weather or Stress,13390_36_37_98,0.005913,169,West Gulf Coastal Plain Chenier and Upper Texas Coastal Fringe Forest and Woodland
Wind or Weather or Stress,13420_59,0.0033138,302,Piedmont Hardpan Woodland and Forest
Wind or Weather or Stress,13430_54_55,0.0030626,327,Atlantic Coastal Plain Mesic Hardwood Forest
Wind or Weather or Stress,13430_58_60,0.004982,201,Atlantic Coastal Plain Mesic Hardwood Forest
Wind or Weather or Stress,13440_41,0.0009788,1022,Boreal Jack Pine-Black Spruce Forest
Wind or Weather or Stress,13440_66,0.0044964,222,Boreal Jack Pine-Black Spruce Forest
Wind or Weather or Stress,13442_51,0.0006868,1456,Boreal Jack Pine-Black Spruce Forest - Spruce-Fir
Wind or Weather or Stress,13460_54_55_58,0.0020586,486,Atlantic Coastal Plain Fall-line Sandhills Longleaf Pine Woodland
Wind or Weather or Stress,13470_55_58_60,0.0020636,485,Atlantic Coastal Plain Upland Longleaf Pine Woodland
Wind or Weather or Stress,13480_37_45_98,0.00497,201,West Gulf Coastal Plain Upland Longleaf Pine Forest and Woodland
Wind or Weather or Stress,13490_46_48_54_55_99,0.0037662,266,East Gulf Coastal Plain Interior Upland Longleaf Pine Woodland
Wind or Weather or Stress,13500_57,0.0061914,162,Central and Southern Appalachian Spruce-Fir Forest
Wind or Weather or Stress,13500_61,0.0038884,257,Central and Southern Appalachian Spruce-Fir Forest
Wind or Weather or Stress,13510_48_54_59,0.0044916,223,Southeastern Interior Longleaf Pine Woodland
Wind or Weather or Stress,13520_53_54_57_59_60_61,0.0008934,1119,Southern Appalachian Montane Pine Forest and Woodland
Wind or Weather or Stress,13530_46_48_53_54_57_59_60_61,0.00415,241,Southern Appalachian Low-Elevation Pine Forest
Wind or Weather or Stress,13530_47,0.0024732,404,Southern Appalachian Low-Elevation Pine Forest
Wind or Weather or Stress,13540_64_66,0.0013082,764,Northeastern Interior Pine Barrens
Wind or Weather or Stress,13550_60_65,0.0013242,755,Northern Atlantic Coastal Plain Pitch Pine Barrens
Wind or Weather or Stress,13560_55_56_99,0.0132314,76,Florida Longleaf Pine Sandhill
Wind or Weather or Stress,13570_46_47_55_58_99,0.0030712,326,Southern Coastal Plain Mesic Slope Forest
Wind or Weather or Stress,13600_56,0.008581,117,South Florida Pine Rockland
Wind or Weather or Stress,13610_58_60,0.0062828,159,Central Atlantic Coastal Plain Maritime Forest
Wind or Weather or Stress,13620_41_50,0.0017146,583,Laurentian-Acadian Northern Pine(-Oak) Forest
Wind or Weather or Stress,13620_51_63_64_65_66,0.0033668,297,Laurentian-Acadian Northern Pine(-Oak) Forest
Wind or Weather or Stress,13622_41_50,0.0009526,1050,Laurentian-Acadian Northern Pine(-Oak) Forest - Pine Dominated
Wind or Weather or Stress,13630_47_53,0.0015952,627,Central Interior Highlands Dry Acidic Glade and Barrens
Wind or Weather or Stress,13640_32_44_49,0.0035036,285,Ozark-Ouachita Dry Oak Woodland
Wind or Weather or Stress,13651_40_41_50,0.0008224,1216,Boreal White Spruce-Fir-Hardwood Forest - Inland
Wind or Weather or Stress,13651_51,0.0662576,15,Boreal White Spruce-Fir-Hardwood Forest - Inland
Wind or Weather or Stress,13652_41,0.0009174,1090,Boreal White Spruce-Fir-Hardwood Forest - Coastal
Wind or Weather or Stress,13652_51,0.0008264,1210,Boreal White Spruce-Fir-Hardwood Forest - Coastal
Wind or Weather or Stress,13660_50,0.0010004,1000,Laurentian-Acadian Pine-Hemlock-Hardwood Forest
Wind or Weather or Stress,13660_51_63_64_65_66,0.0009622,1039,Laurentian-Acadian Pine-Hemlock-Hardwood Forest
Wind or Weather or Stress,13670_32_44,0.0034828,287,Ozark-Ouachita Shortleaf Pine-Oak Forest and Woodland
Wind or Weather or Stress,13680_46_48_54_57_59_60_61,0.0042108,237,Southern Piedmont Dry Oak(-Pine) Forest
Wind or Weather or Stress,13690_60_61_63_64_65_66,0.0235394,42,Central Appalachian Dry Oak-Pine Forest
Wind or Weather or Stress,13700_53_61_62,0.007389,135,Appalachian (Hemlock-)Northern Hardwood Forest
Wind or Weather or Stress,13700_60_63_64_65_66,0.007285,137,Appalachian (Hemlock-)Northern Hardwood Forest
Wind or Weather or Stress,13710_32_36_37_45_98,0.000407,2457,West Gulf Coastal Plain Pine-Hardwood Forest
Wind or Weather or Stress,13710_44,0.0006282,1592,West Gulf Coastal Plain Pine-Hardwood Forest
Wind or Weather or Stress,13720_46_99,0.004364,229,East Gulf Coastal Plain Interior Shortleaf Pine-Oak Forest
Wind or Weather or Stress,13730_63_64,0.0014504,689,Acadian Low-Elevation Spruce-Fir-Hardwood Forest
Wind or Weather or Stress,13730_65_66,0.0023922,418,Acadian Low-Elevation Spruce-Fir-Hardwood Forest
Wind or Weather or Stress,13740_64_65_66,0.0021892,457,Acadian-Appalachian Montane Spruce-Fir Forest
Wind or Weather or Stress,13750_60,0.0019016,526,Eastern Serpentine Woodland
Wind or Weather or Stress,13760_48_53_57_61,0.0054284,184,Southern Ridge and Valley/Cumberland Dry Calcareous Forest
Wind or Weather or Stress,13770_60_61_63_64_65_66,0.0858624,12,Central Appalachian Pine-Oak Rocky Woodland
Wind or Weather or Stress,13780_37_44,0.0091132,110,West Gulf Coastal Plain Sandhill Oak and Shortleaf Pine Forest and Woodland
Wind or Weather or Stress,13790_60_65,0.002957,338,Northern Atlantic Coastal Plain Maritime Forest
Wind or Weather or Stress,13800_55_99,0.0249838,40,East Gulf Coastal Plain Maritime Forest
Wind or Weather or Stress,13810_45,0.0041382,242,Lower Mississippi River Dune Woodland and Forest
Wind or Weather or Stress,13840_98,0.0157278,64,Mississippi Delta Maritime Forest
Wind or Weather or Stress,13870_55_56,0.004309,232,Florida Peninsula Inland Scrub
Wind or Weather or Stress,13920_35,0.0197008,51,Tamaulipan Calcareous Thornscrub
Wind or Weather or Stress,13920_36,0.019855,50,Tamaulipan Calcareous Thornscrub
Wind or Weather or Stress,13940_39_40_41,0.001029,972,North-Central Interior Oak Savanna
Wind or Weather or Stress,13940_42,0.0009938,1006,North-Central Interior Oak Savanna
Wind or Weather or Stress,13940_44_49,0.0009892,1011,North-Central Interior Oak Savanna
Wind or Weather or Stress,13940_50_51,0.0009356,1069,North-Central Interior Oak Savanna
Wind or Weather or Stress,13940_52,0.0009818,1019,North-Central Interior Oak Savanna
Wind or Weather or Stress,13950_41_42_43_49_52,0.0019268,519,North-Central Oak Barrens
Wind or Weather or Stress,13950_50,0.035346,28,North-Central Oak Barrens
Wind or Weather or Stress,13950_51,0.0351736,28,North-Central Oak Barrens
Wind or Weather or Stress,13970_48,0.042371,24,Nashville Basin Limestone Glade and Woodland
Wind or Weather or Stress,14010_43_44_47_48_53,0.000421,2375,Central Interior Highlands Calcareous Glade and Barrens
Wind or Weather or Stress,14010_49,0.0004112,2432,Central Interior Highlands Calcareous Glade and Barrens
Wind or Weather or Stress,14080_48,0.0004192,2385,Alabama Ketona Glade and Woodland
Wind or Weather or Stress,14120_39_40_41_42_43_50_51,0.0064688,155,North-Central Interior Sand and Gravel Tallgrass Prairie
Wind or Weather or Stress,14120_49,0.0063628,157,North-Central Interior Sand and Gravel Tallgrass Prairie
Wind or Weather or Stress,14120_52,0.0063012,159,North-Central Interior Sand and Gravel Tallgrass Prairie
Wind or Weather or Stress,14130_47,0.002703,370,Bluegrass Savanna and Woodland
Wind or Weather or Stress,14140_57,0.0357902,28,Southern Appalachian Grass and Shrub Bald
Wind or Weather or Stress,14152_44,0.0040056,250,Arkansas Valley Prairie and Woodland - Woodland
Wind or Weather or Stress,14160_48,0.0060138,166,Western Highland Rim Prairie and Barrens
Wind or Weather or Stress,14170_48,0.0044982,222,Eastern Highland Rim Prairie and Barrens
Wind or Weather or Stress,14180_47,0.000217,4608,Pennyroyal Karst Plain Prairie and Barrens
Wind or Weather or Stress,14200_41,0.0242092,41,Northern Tallgrass Prairie
Wind or Weather or Stress,14210_31_38_42_43_44_50_51,0.024255,41,Central Tallgrass Prairie
Wind or Weather or Stress,14210_49_52,0.024212,41,Central Tallgrass Prairie
Wind or Weather or Stress,14220_32_35_36_37,0.02517,40,Southern Blackland Tallgrass Prairie
Wind or Weather or Stress,14230_32_35,0.0000174,57471,Southeastern Great Plains Tallgrass Prairie
Wind or Weather or Stress,14230_38,0.0000198,50505,Southeastern Great Plains Tallgrass Prairie
Wind or Weather or Stress,14230_43_44,0.0000218,45872,Southeastern Great Plains Tallgrass Prairie
Wind or Weather or Stress,14250_56,0.0334528,30,Florida Dry Prairie
Wind or Weather or Stress,14260_58,0.0102862,97,Southern Atlantic Coastal Plain Dune and Maritime Grassland
Wind or Weather or Stress,14270_47,0.0043444,230,East Gulf Coastal Plain Jackson Plain Prairie and Barrens
Wind or Weather or Stress,14280_37_44,0.0049748,201,West Gulf Coastal Plain Northern Calcareous Prairie
Wind or Weather or Stress,14290_37_45,0.0004556,2195,West Gulf Coastal Plain Southern Calcareous Prairie
Wind or Weather or Stress,14320_45,0.0124196,81,Lower Mississippi Alluvial Plain Grand Prairie
Wind or Weather or Stress,14350_99,0.250506,4,East Gulf Coastal Plain Dune and Coastal Grassland
Wind or Weather or Stress,14360_60,0.0104578,96,Northern Atlantic Coastal Plain Dune and Swale
Wind or Weather or Stress,14360_65_66,0.0091386,109,Northern Atlantic Coastal Plain Dune and Swale
Wind or Weather or Stress,14370_36,0.0509406,20,Central and Upper Texas Coast Dune and Coastal Grassland
Wind or Weather or Stress,14380_36,0.049753,20,Tamaulipan Savanna Grassland
Wind or Weather or Stress,14390_36,0.0197908,51,South Texas Lomas
Wind or Weather or Stress,14460_56,0.0084158,119,South Florida Pine Flatwoods
Wind or Weather or Stress,14490_58_60,0.0040514,247,Central Atlantic Coastal Plain Wet Longleaf Pine Savanna and Flatwoods
Wind or Weather or Stress,14500_55_58,0.0039658,252,Southern Atlantic Coastal Plain Wet Pine Savanna and Flatwoods
Wind or Weather or Stress,14510_37_98,0.005003,200,West Gulf Coastal Plain Wet Longleaf Pine Savanna and Flatwoods
Wind or Weather or Stress,14520_58_60,0.000711,1406,Atlantic Coastal Plain Peatland Pocosin and Canebrake
Wind or Weather or Stress,14530_55_56,0.0133696,75,Central Florida Pine Flatwoods
Wind or Weather or Stress,14540_55_56_99,0.0040444,247,East Gulf Coastal Plain Near-Coast Pine Flatwoods
Wind or Weather or Stress,14550_46_99,0.0054252,184,East Gulf Coastal Plain Southern Loblolly-Hardwood Flatwoods
Wind or Weather or Stress,14570_47_48,0.0059928,167,South-Central Interior/Upper Coastal Plain Wet Flatwoods
Wind or Weather or Stress,14570_49,0.003069,326,South-Central Interior/Upper Coastal Plain Wet Flatwoods
Wind or Weather or Stress,14580_37_44_45_98,0.0049554,202,West Gulf Coastal Plain Pine-Hardwood Flatwoods
Wind or Weather or Stress,14610_46_55_56_99,0.0075216,133,Southern Coastal Plain Seepage Swamp and Baygall
Wind or Weather or Stress,14660_49,0.073286,14,Great Lakes Wooded Dune and Swale
Wind or Weather or Stress,14660_50_51,0.0046876,213,Great Lakes Wooded Dune and Swale
Wind or Weather or Stress,14670_36,0.0158108,63,Tamaulipan Floodplain
Wind or Weather or Stress,14680_46_55_58_99,0.000836,1196,Atlantic Coastal Plain Streamhead Seepage Swamp-Pocosin-Baygall
Wind or Weather or Stress,14680_60,0.000795,1258,Atlantic Coastal Plain Streamhead Seepage Swamp-Pocosin-Baygall
Wind or Weather or Stress,14690_31_39_40_43,0.0536428,19,Eastern Great Plains Floodplain Systems
Wind or Weather or Stress,14690_38_42_49,0.0534964,19,Eastern Great Plains Floodplain Systems
Wind or Weather or Stress,14700_56,0.0739916,14,Caribbean Coastal Wetland Systems
Wind or Weather or Stress,14710_32_35,0.0085452,117,Central Interior and Appalachian Floodplain Systems
Wind or Weather or Stress,14710_47_48_53_54_57_59_60_61_63,0.0076362,131,Central Interior and Appalachian Floodplain Systems
Wind or Weather or Stress,14710_64_65,0.0074876,134,Central Interior and Appalachian Floodplain Systems
Wind or Weather or Stress,14712_44,0.0027124,369,Central Interior and Appalachian Floodplain Systems - Large Floodplains
Wind or Weather or Stress,14720_44_46_47_48,0.0049978,200,Central Interior and Appalachian Riparian Systems
Wind or Weather or Stress,14720_49,0.0049944,200,Central Interior and Appalachian Riparian Systems
Wind or Weather or Stress,14720_53_54_57_59_60,0.0050354,199,Central Interior and Appalachian Riparian Systems
Wind or Weather or Stress,14720_61_62_63,0.0049988,200,Central Interior and Appalachian Riparian Systems
Wind or Weather or Stress,14720_64_65_66,0.0049756,201,Central Interior and Appalachian Riparian Systems
Wind or Weather or Stress,14730_32_37_44,0.0052112,192,Gulf and Atlantic Coastal Plain Floodplain Systems
Wind or Weather or Stress,14730_36,0.0051184,195,Gulf and Atlantic Coastal Plain Floodplain Systems
Wind or Weather or Stress,14730_45_46_47_98_99,0.0031194,321,Gulf and Atlantic Coastal Plain Floodplain Systems
Wind or Weather or Stress,14730_55_58_60,0.0031086,322,Gulf and Atlantic Coastal Plain Floodplain Systems
Wind or Weather or Stress,14740_32_37_44_45_98,0.002447,409,Gulf and Atlantic Coastal Plain Small Stream Riparian Systems
Wind or Weather or Stress,14740_36,0.0059526,168,Gulf and Atlantic Coastal Plain Small Stream Riparian Systems
Wind or Weather or Stress,14740_46_47_48_55_56_58_60_99,0.006732,149,Gulf and Atlantic Coastal Plain Small Stream Riparian Systems
Wind or Weather or Stress,14760_36,0.0198082,50,Tamaulipan Riparian Systems
Wind or Weather or Stress,14770_40_41_50_51,0.002846,351,Boreal Acidic Peatland Systems
Wind or Weather or Stress,14770_63_64_65_66,0.0028444,352,Boreal Acidic Peatland Systems
Wind or Weather or Stress,14780_56,0.0115924,86,Caribbean Swamp Systems
Wind or Weather or Stress,14790_41_42_47_48_50_51_53,0.0081426,123,Central Interior and Appalachian Swamp Systems
Wind or Weather or Stress,14790_52_62,0.0089452,112,Central Interior and Appalachian Swamp Systems
Wind or Weather or Stress,14790_60_61_63_64_65_66,0.0080812,124,Central Interior and Appalachian Swamp Systems
Wind or Weather or Stress,14800_36_37_44,0.0037748,265,Gulf and Atlantic Coastal Plain Swamp Systems
Wind or Weather or Stress,14800_45_98,0.0038072,263,Gulf and Atlantic Coastal Plain Swamp Systems
Wind or Weather or Stress,14800_46_56_58_60_64_65_66,0.0090934,110,Gulf and Atlantic Coastal Plain Swamp Systems
Wind or Weather or Stress,14800_47,0.0088904,112,Gulf and Atlantic Coastal Plain Swamp Systems
Wind or Weather or Stress,14800_55_99,0.0090626,110,Gulf and Atlantic Coastal Plain Swamp Systems
Wind or Weather or Stress,14810_41_50_51_63,0.0041718,240,Laurentian-Acadian Alkaline Conifer-Hardwood Swamp
Wind or Weather or Stress,14820_39_40,0.0197786,51,Great Plains Prairie Pothole
Wind or Weather or Stress,14830_56,0.0012986,770,South Florida Everglades Sawgrass Marsh
Wind or Weather or Stress,14850_55_99,0.0027396,365,East Gulf Coastal Plain Savanna and Wet Prairie
Wind or Weather or Stress,14860_36,0.0284858,35,Texas-Louisiana Saline Coastal Prairie
Wind or Weather or Stress,14890_55_56_99,0.0001402,7133,Floridian Highlands Freshwater Marsh
Wind or Weather or Stress,14900_36,0.0272072,37,Gulf and Atlantic Coastal Plain Tidal Marsh Systems
Wind or Weather or Stress,14900_37_98,0.029951,33,Gulf and Atlantic Coastal Plain Tidal Marsh Systems
Wind or Weather or Stress,14930_41_42_44_50,0.3289922,3,Central Interior and Appalachian Shrub-Herbaceous Wetland Systems
Wind or Weather or Stress,14930_52_62,0.3230152,3,Central Interior and Appalachian Shrub-Herbaceous Wetland Systems
Wind or Weather or Stress,14940_41_50_51,0.3168432,3,Laurentian-Acadian Shrub-Herbaceous Wetland Systems
Wind or Weather or Stress,14940_63_65_66,0.0054086,185,Laurentian-Acadian Shrub-Herbaceous Wetland Systems
Wind or Weather or Stress,14940_64,0.0054438,184,Laurentian-Acadian Shrub-Herbaceous Wetland Systems
Wind or Weather or Stress,14950_27_33,0.0100106,100,Western Great Plains Depressional Wetland Systems
Wind or Weather or Stress,14950_31_39_40,0.0988416,10,Western Great Plains Depressional Wetland Systems
Wind or Weather or Stress,14950_38,0.0992402,10,Western Great Plains Depressional Wetland Systems
Wind or Weather or Stress,14952_34,0.0190324,53,Western Great Plains Depressional Wetland Systems - Saline
Wind or Weather or Stress,15010_58_60,0.0027558,363,Central Atlantic Coastal Plain Nonriverine Swamp and Wet Hardwood Forest
Wind or Weather or Stress,15030_25_27,0.0088262,113,Chihuahuan Loamy Plains Desert Grassland
Wind or Weather or Stress,15030_26,0.0086858,115,Chihuahuan Loamy Plains Desert Grassland
Wind or Weather or Stress,15042_26_34,0.005307,188,Chihuahuan-Sonoran Desert Bottomland and Swale Grassland - Alkali Sacaton
Wind or Weather or Stress,15060_37_44,0.0035634,281,West Gulf Coastal Plain Nonriverine Wet Hardwood Flatwoods
Wind or Weather or Stress,15070_44,0.0024518,408,Ozark-Ouachita Shortleaf Pine-Bluestem Woodland
Wind or Weather or Stress,15090_45_47,0.0118804,84,Mississippi River Alluvial Plain Dry-Mesic Loess Slope Forest
Wind or Weather or Stress,15100_45,0.0028216,354,Northern Crowley`s Ridge Sand Forest
Wind or Weather or Stress,15130_45,0.0036842,271,Lower Mississippi River Flatwoods
Wind or Weather or Stress,15170_42_49_50,0.0007412,1349,Paleozoic Plateau Bluff and Talus
Wind or Weather or Stress,15180_43_47_49_52_62_63_64_65,0.0030016,333,North-Central Interior Wet Flatwoods
Wind or Weather or Stress,15190_32_35_36_37,0.0017896,559,East-Central Texas Plains Post Oak Savanna and Woodland
Wind or Weather or Stress,15240_35,0.0078988,127,Edwards Plateau Mesic Canyon
Wind or Weather or Stress,15250_35,0.017952,56,Edwards Plateau Riparian
Wind or Weather or Stress,15260_64_65_66,0.004278,234,Laurentian-Acadian Swamp Systems
Wind or Weather or Stress,18040_79,0.0023052,434,Hawaii Freshwater Marsh
Wind or Weather or Stress,18080_79,0.0056852,176,Hawaii Lowland Rainforest
Wind or Weather or Stress,18090_79,0.0040194,249,Hawaii Montane Cloud Forest
Wind or Weather or Stress,18100_79,0.0032394,309,Hawaii Montane Rainforest
Wind or Weather or Stress,18140_79,0.0048138,208,Hawaii Lowland Mesic Forest
Wind or Weather or Stress,18151_79,0.0040418,247,Hawaii Montane-Subalpine Dry Forest and Woodland - Lava
Wind or Weather or Stress,18160_79,0.0049698,201,Hawaii Montane-Subalpine Mesic Forest
Wind or Weather or Stress,18260_79,0.0253438,39,Hawaii Dry Coastal Strand
Wind or Weather or Stress,18270_79,0.0157372,64,Hawaii Wet-Mesic Coastal Strand
